"Period","Forecast","Model"
1,130.256715279008,"BDMM-SS"
2,129.819899139767,"BDMM-SS"
3,130.175189034704,"BDMM-SS"
4,129.793487214533,"BDMM-SS"
5,129.966822995488,"BDMM-SS"
6,129.376723692356,"BDMM-SS"
7,129.785389986231,"BDMM-SS"
8,129.656190338625,"BDMM-SS"
9,130.26863519936,"BDMM-SS"
10,129.778738633884,"BDMM-SS"
11,130.71009600191,"BDMM-SS"
12,130.607139609158,"BDMM-SS"
13,130.420411269686,"BDMM-SS"
14,129.903525077566,"BDMM-SS"
15,130.307398562911,"BDMM-SS"
16,131.377264685101,"BDMM-SS"
17,131.263979028419,"BDMM-SS"
18,130.594653014697,"BDMM-SS"
19,129.753610684769,"BDMM-SS"
20,130.581771041453,"BDMM-SS"
21,129.222552285434,"BDMM-SS"
22,131.558922955131,"BDMM-SS"
23,130.55495716657,"BDMM-SS"
24,131.079300238837,"BDMM-SS"
25,130.288030926966,"BDMM-SS"
26,131.179781964124,"BDMM-SS"
27,129.838354514574,"BDMM-SS"
28,130.749676560999,"BDMM-SS"
29,130.174489043702,"BDMM-SS"
30,130.75159805195,"BDMM-SS"
31,129.809387098012,"BDMM-SS"
32,131.566823622049,"BDMM-SS"
33,130.753228994725,"BDMM-SS"
34,130.505374393097,"BDMM-SS"
35,130.30385553838,"BDMM-SS"
36,130.257593263566,"BDMM-SS"
37,130.215183181404,"BDMM-SS"
38,130.27529501027,"BDMM-SS"
39,131.128026598023,"BDMM-SS"
40,131.631878157695,"BDMM-SS"
41,131.163851706645,"BDMM-SS"
42,130.009658798328,"BDMM-SS"
43,130.848773444209,"BDMM-SS"
44,131.901274201243,"BDMM-SS"
45,131.859778490344,"BDMM-SS"
46,132.125922903511,"BDMM-SS"
47,131.373326744633,"BDMM-SS"
48,129.468849286181,"BDMM-SS"
49,131.571723511767,"BDMM-SS"
50,131.364573438006,"BDMM-SS"
51,130.456880013343,"BDMM-SS"
52,131.266016264703,"BDMM-SS"
53,131.009372077779,"BDMM-SS"
54,131.348869708923,"BDMM-SS"
55,131.792371892241,"BDMM-SS"
56,131.50827515556,"BDMM-SS"
57,131.265936234566,"BDMM-SS"
58,130.971204314295,"BDMM-SS"
59,131.824306677468,"BDMM-SS"
60,132.066038370548,"BDMM-SS"
61,132.153362555268,"BDMM-SS"
62,132.406742690872,"BDMM-SS"
63,130.599505001933,"BDMM-SS"
64,131.66599762258,"BDMM-SS"
65,130.841468077573,"BDMM-SS"
66,131.878539110602,"BDMM-SS"
67,131.701390123388,"BDMM-SS"
68,131.15496430379,"BDMM-SS"
69,131.658891603118,"BDMM-SS"
70,132.876621475681,"BDMM-SS"
71,131.850805489945,"BDMM-SS"
72,130.932690507944,"BDMM-SS"
73,132.510609329242,"BDMM-SS"
74,132.464513598629,"BDMM-SS"
75,131.492852138566,"BDMM-SS"
76,132.797327636686,"BDMM-SS"
77,131.864509974819,"BDMM-SS"
78,131.14743310548,"BDMM-SS"
79,131.678617694261,"BDMM-SS"
80,131.957974631361,"BDMM-SS"
81,132.132904597908,"BDMM-SS"
82,132.122030370192,"BDMM-SS"
83,132.51195167932,"BDMM-SS"
84,132.1259845867,"BDMM-SS"
85,132.255833179037,"BDMM-SS"
86,132.580002463409,"BDMM-SS"
87,132.168581957197,"BDMM-SS"
88,131.941232430527,"BDMM-SS"
89,132.167050092605,"BDMM-SS"
90,131.833764422335,"BDMM-SS"
91,132.694321460072,"BDMM-SS"
92,133.023631263418,"BDMM-SS"
93,132.303978340387,"BDMM-SS"
94,132.318621094266,"BDMM-SS"
95,132.423244863225,"BDMM-SS"
96,132.887192296446,"BDMM-SS"
97,133.96380261228,"BDMM-SS"
98,133.189059882729,"BDMM-SS"
99,133.175772667495,"BDMM-SS"
100,133.343425549226,"BDMM-SS"
101,132.781789477132,"BDMM-SS"
102,133.835546331465,"BDMM-SS"
103,133.160102766263,"BDMM-SS"
104,133.844452213395,"BDMM-SS"
105,133.475908033656,"BDMM-SS"
106,133.56690747823,"BDMM-SS"
107,132.332123687705,"BDMM-SS"
108,132.001160765527,"BDMM-SS"
109,132.833954884379,"BDMM-SS"
110,132.783164628514,"BDMM-SS"
111,132.726389666762,"BDMM-SS"
112,132.956110285722,"BDMM-SS"
113,133.584818905636,"BDMM-SS"
114,132.565291023455,"BDMM-SS"
115,132.585291851622,"BDMM-SS"
116,133.772946143615,"BDMM-SS"
117,133.106955793577,"BDMM-SS"
118,133.040232257903,"BDMM-SS"
119,132.164050151541,"BDMM-SS"
120,133.052568009311,"BDMM-SS"
121,133.299921866279,"BDMM-SS"
122,132.950619694354,"BDMM-SS"
123,131.965105669579,"BDMM-SS"
124,133.246662911246,"BDMM-SS"
125,132.669163198937,"BDMM-SS"
126,133.658567923151,"BDMM-SS"
127,133.027940551848,"BDMM-SS"
128,133.035404089521,"BDMM-SS"
129,133.706822977851,"BDMM-SS"
130,133.316456922078,"BDMM-SS"
131,133.179317392741,"BDMM-SS"
132,132.64366621303,"BDMM-SS"
133,133.513699951731,"BDMM-SS"
134,133.403866197419,"BDMM-SS"
135,132.474942331963,"BDMM-SS"
136,132.811641578275,"BDMM-SS"
137,132.584554169101,"BDMM-SS"
138,132.031232267683,"BDMM-SS"
139,133.498616681845,"BDMM-SS"
140,132.218594836939,"BDMM-SS"
141,133.26089623525,"BDMM-SS"
142,132.295563861582,"BDMM-SS"
143,133.331222800042,"BDMM-SS"
144,133.057005212745,"BDMM-SS"
145,133.361814498858,"BDMM-SS"
146,131.773034990149,"BDMM-SS"
147,132.644135993795,"BDMM-SS"
148,132.182161182353,"BDMM-SS"
149,132.732869149404,"BDMM-SS"
150,132.244753214181,"BDMM-SS"
151,132.797519342467,"BDMM-SS"
152,132.169680132348,"BDMM-SS"
153,132.344117374896,"BDMM-SS"
154,133.074229916577,"BDMM-SS"
155,131.222933986306,"BDMM-SS"
156,132.50756271624,"BDMM-SS"
157,132.526382425248,"BDMM-SS"
158,133.085787420168,"BDMM-SS"
159,133.094388535428,"BDMM-SS"
160,132.165761821424,"BDMM-SS"
161,133.762237643985,"BDMM-SS"
162,133.411285035207,"BDMM-SS"
163,133.433265202037,"BDMM-SS"
164,132.734103710287,"BDMM-SS"
165,134.130333824915,"BDMM-SS"
1,130.659301850807,"BDMM-NR"
2,130.615480591862,"BDMM-NR"
3,129.44910436646,"BDMM-NR"
4,130.164966996382,"BDMM-NR"
5,130.358144867131,"BDMM-NR"
6,129.701332661999,"BDMM-NR"
7,130.490692597257,"BDMM-NR"
8,130.908316437854,"BDMM-NR"
9,130.547729704707,"BDMM-NR"
10,130.456697331989,"BDMM-NR"
11,131.383634296664,"BDMM-NR"
12,130.136748137841,"BDMM-NR"
13,131.145492754032,"BDMM-NR"
14,131.346818479011,"BDMM-NR"
15,129.858592361584,"BDMM-NR"
16,129.736489028135,"BDMM-NR"
17,131.601924189889,"BDMM-NR"
18,130.600157185468,"BDMM-NR"
19,132.312910913735,"BDMM-NR"
20,131.016052025555,"BDMM-NR"
21,130.668176831479,"BDMM-NR"
22,129.633450791145,"BDMM-NR"
23,130.052462479612,"BDMM-NR"
24,129.621547343305,"BDMM-NR"
25,132.084257792488,"BDMM-NR"
26,129.374229207716,"BDMM-NR"
27,130.660511289709,"BDMM-NR"
28,131.135577945713,"BDMM-NR"
29,129.98567382643,"BDMM-NR"
30,130.474663180377,"BDMM-NR"
31,129.82289106072,"BDMM-NR"
32,130.444155603385,"BDMM-NR"
33,130.385407447333,"BDMM-NR"
34,130.301724157994,"BDMM-NR"
35,131.255154295054,"BDMM-NR"
36,130.520620458865,"BDMM-NR"
37,130.196336923877,"BDMM-NR"
38,131.627859115132,"BDMM-NR"
39,131.229369316216,"BDMM-NR"
40,130.097390951067,"BDMM-NR"
41,130.564600149592,"BDMM-NR"
42,131.486453944405,"BDMM-NR"
43,130.20738945067,"BDMM-NR"
44,131.616177103492,"BDMM-NR"
45,131.15594976787,"BDMM-NR"
46,130.353194014304,"BDMM-NR"
47,131.446015730823,"BDMM-NR"
48,129.620195042116,"BDMM-NR"
49,130.862428067279,"BDMM-NR"
50,131.206436097691,"BDMM-NR"
51,131.466577541632,"BDMM-NR"
52,131.485944589889,"BDMM-NR"
53,131.41405673082,"BDMM-NR"
54,132.401578311294,"BDMM-NR"
55,132.585514997629,"BDMM-NR"
56,132.903374051649,"BDMM-NR"
57,130.805106459792,"BDMM-NR"
58,131.215709460195,"BDMM-NR"
59,130.982955270119,"BDMM-NR"
60,131.539488209894,"BDMM-NR"
61,132.050705883706,"BDMM-NR"
62,131.924390095068,"BDMM-NR"
63,131.643456463958,"BDMM-NR"
64,131.55620474598,"BDMM-NR"
65,131.257766673765,"BDMM-NR"
66,131.057756449041,"BDMM-NR"
67,131.221189440281,"BDMM-NR"
68,131.19189754025,"BDMM-NR"
69,131.543341788443,"BDMM-NR"
70,131.338456541524,"BDMM-NR"
71,132.861251984025,"BDMM-NR"
72,132.965821326101,"BDMM-NR"
73,131.180681296368,"BDMM-NR"
74,132.632944357014,"BDMM-NR"
75,131.864376989988,"BDMM-NR"
76,131.986318936562,"BDMM-NR"
77,131.982624437265,"BDMM-NR"
78,132.058734791446,"BDMM-NR"
79,131.893266316357,"BDMM-NR"
80,131.314254299373,"BDMM-NR"
81,131.934529006603,"BDMM-NR"
82,132.454184883063,"BDMM-NR"
83,131.752316378294,"BDMM-NR"
84,131.275866191121,"BDMM-NR"
85,131.006663988375,"BDMM-NR"
86,132.440836275728,"BDMM-NR"
87,132.213385964025,"BDMM-NR"
88,131.981070102395,"BDMM-NR"
89,132.443488250531,"BDMM-NR"
90,132.082851573683,"BDMM-NR"
91,132.620051801034,"BDMM-NR"
92,132.943258147351,"BDMM-NR"
93,131.604206473076,"BDMM-NR"
94,132.162764029498,"BDMM-NR"
95,132.1844721471,"BDMM-NR"
96,132.165029361421,"BDMM-NR"
97,134.187016467549,"BDMM-NR"
98,134.215569248634,"BDMM-NR"
99,133.948653078642,"BDMM-NR"
100,133.133618622985,"BDMM-NR"
101,133.980244812851,"BDMM-NR"
102,132.595373872526,"BDMM-NR"
103,132.113471991395,"BDMM-NR"
104,131.462697598424,"BDMM-NR"
105,133.292570371222,"BDMM-NR"
106,133.191310451311,"BDMM-NR"
107,132.597637535467,"BDMM-NR"
108,133.134996225013,"BDMM-NR"
109,132.829887526835,"BDMM-NR"
110,132.780781507185,"BDMM-NR"
111,133.660547567922,"BDMM-NR"
112,133.871178504861,"BDMM-NR"
113,133.409982056606,"BDMM-NR"
114,133.15414694967,"BDMM-NR"
115,132.293224410467,"BDMM-NR"
116,132.810280716229,"BDMM-NR"
117,132.968484711216,"BDMM-NR"
118,133.008773624017,"BDMM-NR"
119,133.482314531262,"BDMM-NR"
120,131.826264875984,"BDMM-NR"
121,131.902222734203,"BDMM-NR"
122,132.557445404883,"BDMM-NR"
123,131.657344809095,"BDMM-NR"
124,133.191499113808,"BDMM-NR"
125,132.717166870433,"BDMM-NR"
126,131.124581601495,"BDMM-NR"
127,132.652482882385,"BDMM-NR"
128,132.954111143818,"BDMM-NR"
129,132.240235610333,"BDMM-NR"
130,131.952803962195,"BDMM-NR"
131,132.956788098282,"BDMM-NR"
132,133.771029284382,"BDMM-NR"
133,132.775205597881,"BDMM-NR"
134,133.685693799645,"BDMM-NR"
135,133.572243454356,"BDMM-NR"
136,132.162784328755,"BDMM-NR"
137,133.241493785989,"BDMM-NR"
138,132.788329682251,"BDMM-NR"
139,133.306940698554,"BDMM-NR"
140,134.016017336452,"BDMM-NR"
141,133.676464277647,"BDMM-NR"
142,132.779363334425,"BDMM-NR"
143,131.952516944519,"BDMM-NR"
144,132.863684183411,"BDMM-NR"
145,132.742129008278,"BDMM-NR"
146,133.094094080642,"BDMM-NR"
147,133.024325095376,"BDMM-NR"
148,132.419148922924,"BDMM-NR"
149,132.725421751115,"BDMM-NR"
150,132.716269745323,"BDMM-NR"
151,133.240063965815,"BDMM-NR"
152,132.825795572146,"BDMM-NR"
153,132.561751373114,"BDMM-NR"
154,132.031417401124,"BDMM-NR"
155,132.674192088479,"BDMM-NR"
156,132.634783047543,"BDMM-NR"
157,132.748648913011,"BDMM-NR"
158,132.476034082128,"BDMM-NR"
159,132.524476382431,"BDMM-NR"
160,133.398474358846,"BDMM-NR"
161,132.934715248524,"BDMM-NR"
162,133.818543355569,"BDMM-NR"
163,132.244631036074,"BDMM-NR"
164,132.114185252711,"BDMM-NR"
165,133.082041434539,"BDMM-NR"
1,130.574289434848,"BDMM-K"
2,129.813965979144,"BDMM-K"
3,129.070005092959,"BDMM-K"
4,129.797915254473,"BDMM-K"
5,130.217850671974,"BDMM-K"
6,131.435451984479,"BDMM-K"
7,131.397886581217,"BDMM-K"
8,131.009596975392,"BDMM-K"
9,130.688755244038,"BDMM-K"
10,129.742418213435,"BDMM-K"
11,131.083357283848,"BDMM-K"
12,131.442403569759,"BDMM-K"
13,131.189178597862,"BDMM-K"
14,131.529821120237,"BDMM-K"
15,130.855739874576,"BDMM-K"
16,131.643887746632,"BDMM-K"
17,132.008077311277,"BDMM-K"
18,130.072788212323,"BDMM-K"
19,131.939182463084,"BDMM-K"
20,131.360279217113,"BDMM-K"
21,131.178458083766,"BDMM-K"
22,130.723485053277,"BDMM-K"
23,129.869592178893,"BDMM-K"
24,129.57370439925,"BDMM-K"
25,130.586899301642,"BDMM-K"
26,130.040972430297,"BDMM-K"
27,131.033196273024,"BDMM-K"
28,130.31925702521,"BDMM-K"
29,129.920200308133,"BDMM-K"
30,131.445992878631,"BDMM-K"
31,130.286262817771,"BDMM-K"
32,129.975619930843,"BDMM-K"
33,131.072102352047,"BDMM-K"
34,131.805984995663,"BDMM-K"
35,130.213156512709,"BDMM-K"
36,130.829012212476,"BDMM-K"
37,130.881618223106,"BDMM-K"
38,131.157021310725,"BDMM-K"
39,131.339995410608,"BDMM-K"
40,131.582147960309,"BDMM-K"
41,131.719839330594,"BDMM-K"
42,130.46495676527,"BDMM-K"
43,130.796124594273,"BDMM-K"
44,131.702564457095,"BDMM-K"
45,130.936300288171,"BDMM-K"
46,131.523391419152,"BDMM-K"
47,132.384464379391,"BDMM-K"
48,130.173779733853,"BDMM-K"
49,131.75747839498,"BDMM-K"
50,131.207467863322,"BDMM-K"
51,130.615196032003,"BDMM-K"
52,131.516061403685,"BDMM-K"
53,131.310684658883,"BDMM-K"
54,130.853967947447,"BDMM-K"
55,131.570649556926,"BDMM-K"
56,132.21332058047,"BDMM-K"
57,131.453624701385,"BDMM-K"
58,132.957831723728,"BDMM-K"
59,132.83213377818,"BDMM-K"
60,131.264671886925,"BDMM-K"
61,132.832389113824,"BDMM-K"
62,132.695180950705,"BDMM-K"
63,131.328986988621,"BDMM-K"
64,132.747608727814,"BDMM-K"
65,132.674647450489,"BDMM-K"
66,132.012474390051,"BDMM-K"
67,132.285864734618,"BDMM-K"
68,130.980497747644,"BDMM-K"
69,133.152551131769,"BDMM-K"
70,131.759616904012,"BDMM-K"
71,131.86913542962,"BDMM-K"
72,132.153250674508,"BDMM-K"
73,132.038211182853,"BDMM-K"
74,133.057790653278,"BDMM-K"
75,131.282023809668,"BDMM-K"
76,131.593836317409,"BDMM-K"
77,132.131835892621,"BDMM-K"
78,132.178953555992,"BDMM-K"
79,133.881868639496,"BDMM-K"
80,130.920785742152,"BDMM-K"
81,132.633393128377,"BDMM-K"
82,132.552166599297,"BDMM-K"
83,132.665775806229,"BDMM-K"
84,131.122186271675,"BDMM-K"
85,132.252170846452,"BDMM-K"
86,131.720159688527,"BDMM-K"
87,131.024536150006,"BDMM-K"
88,131.705465153453,"BDMM-K"
89,131.577338296823,"BDMM-K"
90,133.646847736673,"BDMM-K"
91,132.174057159593,"BDMM-K"
92,133.400315564874,"BDMM-K"
93,133.251689882033,"BDMM-K"
94,132.197054902804,"BDMM-K"
95,133.354174595527,"BDMM-K"
96,133.296876707538,"BDMM-K"
97,132.448744631208,"BDMM-K"
98,134.012991276737,"BDMM-K"
99,133.486244109094,"BDMM-K"
100,133.188487671956,"BDMM-K"
101,132.649802576328,"BDMM-K"
102,133.206217471055,"BDMM-K"
103,132.551660330635,"BDMM-K"
104,133.262132396436,"BDMM-K"
105,133.063254886966,"BDMM-K"
106,132.997725122934,"BDMM-K"
107,133.851282839258,"BDMM-K"
108,132.408125677303,"BDMM-K"
109,132.711839784821,"BDMM-K"
110,133.567010221451,"BDMM-K"
111,133.820697093088,"BDMM-K"
112,132.934242113797,"BDMM-K"
113,132.830204408296,"BDMM-K"
114,133.565586632602,"BDMM-K"
115,133.117988514349,"BDMM-K"
116,133.191555494082,"BDMM-K"
117,132.813101251941,"BDMM-K"
118,132.988895631701,"BDMM-K"
119,132.816635003856,"BDMM-K"
120,133.081155675276,"BDMM-K"
121,132.613869297573,"BDMM-K"
122,132.378440794343,"BDMM-K"
123,132.487403592837,"BDMM-K"
124,132.200021604749,"BDMM-K"
125,133.90172914027,"BDMM-K"
126,131.998399569757,"BDMM-K"
127,133.644393614407,"BDMM-K"
128,132.819952411567,"BDMM-K"
129,131.288596028782,"BDMM-K"
130,132.330876486936,"BDMM-K"
131,133.758159557358,"BDMM-K"
132,132.131654149973,"BDMM-K"
133,133.155643054398,"BDMM-K"
134,132.159927852086,"BDMM-K"
135,132.788254297284,"BDMM-K"
136,133.637826858164,"BDMM-K"
137,132.578459281604,"BDMM-K"
138,133.523016914431,"BDMM-K"
139,133.669751913396,"BDMM-K"
140,133.80951057129,"BDMM-K"
141,134.021046473596,"BDMM-K"
142,133.769124929467,"BDMM-K"
143,133.126349560238,"BDMM-K"
144,132.689417567469,"BDMM-K"
145,132.521932580045,"BDMM-K"
146,132.62026964471,"BDMM-K"
147,131.536352764793,"BDMM-K"
148,131.873865255942,"BDMM-K"
149,132.276267678947,"BDMM-K"
150,132.084910222587,"BDMM-K"
151,132.392925360528,"BDMM-K"
152,132.686500746149,"BDMM-K"
153,132.238823850798,"BDMM-K"
154,131.099898941062,"BDMM-K"
155,134.07827480313,"BDMM-K"
156,132.072417867062,"BDMM-K"
157,133.463840498566,"BDMM-K"
158,132.28017849274,"BDMM-K"
159,133.22887882546,"BDMM-K"
160,132.747097509042,"BDMM-K"
161,133.441759827837,"BDMM-K"
162,131.589147251397,"BDMM-K"
163,132.88077167691,"BDMM-K"
164,133.116037039302,"BDMM-K"
165,134.149159190989,"BDMM-K"
1,129.670871689453,"DMA"
2,129.610953493556,"DMA"
3,128.704045937125,"DMA"
4,130.337171840456,"DMA"
5,130.740302475039,"DMA"
6,130.33476248022,"DMA"
7,130.144925346156,"DMA"
8,130.730081351053,"DMA"
9,129.40171356702,"DMA"
10,130.563717978283,"DMA"
11,131.325460651773,"DMA"
12,130.45799720595,"DMA"
13,130.359005308442,"DMA"
14,130.426923383491,"DMA"
15,131.031603699038,"DMA"
16,129.912542931738,"DMA"
17,130.35169830888,"DMA"
18,129.556012623015,"DMA"
19,130.662251792079,"DMA"
20,130.794629704708,"DMA"
21,130.753573025441,"DMA"
22,130.537670587235,"DMA"
23,129.074684234143,"DMA"
24,129.427132273555,"DMA"
25,130.13827550309,"DMA"
26,130.362652215832,"DMA"
27,130.43804722801,"DMA"
28,129.491709543078,"DMA"
29,130.997302860751,"DMA"
30,130.424323577818,"DMA"
31,130.192619082359,"DMA"
32,130.662672828001,"DMA"
33,131.284242489174,"DMA"
34,131.235374852742,"DMA"
35,130.580203753854,"DMA"
36,130.075408862772,"DMA"
37,131.813698906373,"DMA"
38,130.297948754783,"DMA"
39,130.55901229293,"DMA"
40,131.987428414145,"DMA"
41,130.565165044675,"DMA"
42,130.77107865125,"DMA"
43,131.184357230852,"DMA"
44,132.219376077106,"DMA"
45,130.565119266243,"DMA"
46,131.798514739942,"DMA"
47,131.140619464634,"DMA"
48,132.250408162636,"DMA"
49,132.019011113892,"DMA"
50,131.220897333564,"DMA"
51,130.712232202028,"DMA"
52,130.293110838238,"DMA"
53,130.537353408099,"DMA"
54,131.216797870746,"DMA"
55,130.59068366019,"DMA"
56,131.689448438508,"DMA"
57,131.163300501349,"DMA"
58,133.28203873038,"DMA"
59,132.617961449154,"DMA"
60,132.197179217639,"DMA"
61,131.420707650371,"DMA"
62,133.42563617928,"DMA"
63,131.559232040161,"DMA"
64,131.619894626233,"DMA"
65,129.964436615226,"DMA"
66,132.449799218821,"DMA"
67,131.617560235665,"DMA"
68,130.876907275441,"DMA"
69,131.841485502825,"DMA"
70,133.036999452153,"DMA"
71,132.186855000707,"DMA"
72,132.037871342568,"DMA"
73,132.813846695059,"DMA"
74,131.146089679435,"DMA"
75,131.597004841366,"DMA"
76,132.522513473823,"DMA"
77,130.831445178232,"DMA"
78,132.742251373634,"DMA"
79,130.969343576298,"DMA"
80,132.045784997726,"DMA"
81,131.99351228702,"DMA"
82,131.454024090826,"DMA"
83,132.066951122707,"DMA"
84,131.85672709519,"DMA"
85,132.712601205418,"DMA"
86,130.991017241234,"DMA"
87,133.289892217652,"DMA"
88,132.134752877029,"DMA"
89,131.714701427365,"DMA"
90,131.650087981049,"DMA"
91,133.53340546497,"DMA"
92,131.540871960206,"DMA"
93,132.937914399879,"DMA"
94,132.276420598478,"DMA"
95,132.362643655065,"DMA"
96,132.778816396647,"DMA"
97,133.302539773193,"DMA"
98,133.210186504486,"DMA"
99,132.891911958926,"DMA"
100,133.939328070385,"DMA"
101,133.798422532923,"DMA"
102,134.647115690017,"DMA"
103,132.520059291688,"DMA"
104,132.472425413506,"DMA"
105,132.504017645683,"DMA"
106,132.251536307768,"DMA"
107,134.658997965188,"DMA"
108,130.833866809302,"DMA"
109,131.675023670875,"DMA"
110,132.354849463394,"DMA"
111,132.704307263385,"DMA"
112,132.888853233695,"DMA"
113,133.596376023953,"DMA"
114,133.820826696683,"DMA"
115,132.060870765664,"DMA"
116,133.139353793781,"DMA"
117,131.644724846937,"DMA"
118,133.632238618888,"DMA"
119,132.112136769423,"DMA"
120,133.033822398706,"DMA"
121,131.919623082385,"DMA"
122,132.606987286577,"DMA"
123,132.533949699785,"DMA"
124,131.663260624572,"DMA"
125,133.121745000624,"DMA"
126,135.360988990207,"DMA"
127,132.811856177469,"DMA"
128,132.494288941336,"DMA"
129,132.290836507003,"DMA"
130,132.423888579161,"DMA"
131,133.084017775405,"DMA"
132,132.339296327811,"DMA"
133,134.280193126273,"DMA"
134,133.501415889207,"DMA"
135,133.470251434537,"DMA"
136,134.028147986073,"DMA"
137,131.850648961154,"DMA"
138,132.103580173917,"DMA"
139,133.422306004658,"DMA"
140,132.578984359813,"DMA"
141,133.497095690708,"DMA"
142,133.013028962374,"DMA"
143,133.417768053276,"DMA"
144,131.36015857305,"DMA"
145,132.987787279619,"DMA"
146,130.889523524118,"DMA"
147,132.152020204198,"DMA"
148,132.666273510262,"DMA"
149,131.989004693473,"DMA"
150,133.652395300843,"DMA"
151,132.764498161369,"DMA"
152,131.437545664413,"DMA"
153,134.044735876178,"DMA"
154,132.912399630398,"DMA"
155,132.445075987126,"DMA"
156,133.223949015384,"DMA"
157,131.748225336424,"DMA"
158,132.713868364372,"DMA"
159,133.105583850154,"DMA"
160,130.50585393204,"DMA"
161,132.692726435518,"DMA"
162,132.330925316066,"DMA"
163,132.99881944067,"DMA"
164,134.111108300619,"DMA"
165,133.296149872102,"DMA"
1,129.213978802055,"DMS"
2,129.852292424561,"DMS"
3,129.266002866722,"DMS"
4,129.298132054609,"DMS"
5,127.992111837409,"DMS"
6,130.287567046178,"DMS"
7,131.140590432415,"DMS"
8,130.686116715698,"DMS"
9,129.415064422116,"DMS"
10,129.890335826461,"DMS"
11,131.53317376081,"DMS"
12,131.254926079372,"DMS"
13,131.155186711519,"DMS"
14,130.417193224244,"DMS"
15,130.595433366957,"DMS"
16,129.928078489114,"DMS"
17,131.060607303395,"DMS"
18,131.114704543006,"DMS"
19,130.92512019307,"DMS"
20,131.018056597783,"DMS"
21,128.520513889687,"DMS"
22,130.929812918493,"DMS"
23,130.243558686299,"DMS"
24,129.313398242734,"DMS"
25,130.103719098421,"DMS"
26,130.312962872856,"DMS"
27,129.427783017422,"DMS"
28,130.349873183496,"DMS"
29,129.119010104135,"DMS"
30,129.414525330602,"DMS"
31,132.1047342205,"DMS"
32,131.144391938073,"DMS"
33,129.180618379883,"DMS"
34,130.539846864117,"DMS"
35,131.015008691843,"DMS"
36,130.743544270188,"DMS"
37,132.109039776905,"DMS"
38,133.166977373256,"DMS"
39,130.587056527823,"DMS"
40,131.831359725172,"DMS"
41,131.99335631177,"DMS"
42,131.341243152811,"DMS"
43,131.229210927773,"DMS"
44,132.254802638021,"DMS"
45,131.461274897263,"DMS"
46,129.423530342468,"DMS"
47,131.566059231348,"DMS"
48,129.954548057249,"DMS"
49,130.699577406173,"DMS"
50,131.042460172077,"DMS"
51,129.406123504927,"DMS"
52,131.166506846891,"DMS"
53,132.143708092884,"DMS"
54,131.010075596384,"DMS"
55,130.218894222671,"DMS"
56,131.532468507695,"DMS"
57,131.075775404869,"DMS"
58,131.979372500402,"DMS"
59,131.17875974335,"DMS"
60,131.159418604405,"DMS"
61,132.189423399345,"DMS"
62,132.258413569019,"DMS"
63,132.81267641584,"DMS"
64,132.608238397412,"DMS"
65,130.918600880652,"DMS"
66,132.389182526196,"DMS"
67,130.469113057478,"DMS"
68,131.833367381913,"DMS"
69,130.0591326596,"DMS"
70,132.539415029093,"DMS"
71,131.155440656752,"DMS"
72,131.728717841512,"DMS"
73,132.212641662061,"DMS"
74,130.529748743079,"DMS"
75,132.604455202285,"DMS"
76,132.957104853258,"DMS"
77,132.197175407011,"DMS"
78,130.672784659239,"DMS"
79,130.495428971797,"DMS"
80,130.477630583906,"DMS"
81,131.44997879373,"DMS"
82,131.833393682609,"DMS"
83,132.211673490425,"DMS"
84,132.726658476476,"DMS"
85,131.530811910588,"DMS"
86,133.058195215698,"DMS"
87,131.918947469339,"DMS"
88,130.986334861048,"DMS"
89,132.950267041442,"DMS"
90,133.001728818243,"DMS"
91,132.775629002149,"DMS"
92,133.213811685608,"DMS"
93,134.114635240276,"DMS"
94,132.456256242725,"DMS"
95,133.886455484594,"DMS"
96,132.411643686128,"DMS"
97,134.501850084617,"DMS"
98,133.356369071923,"DMS"
99,133.280527855534,"DMS"
100,133.914303189836,"DMS"
101,133.816083716044,"DMS"
102,134.625018626318,"DMS"
103,133.734041045043,"DMS"
104,134.185968879652,"DMS"
105,133.77179286597,"DMS"
106,132.737451202532,"DMS"
107,134.212252100184,"DMS"
108,131.970095465311,"DMS"
109,133.723695443098,"DMS"
110,132.156666342028,"DMS"
111,133.777059365615,"DMS"
112,132.906412616361,"DMS"
113,132.816112579766,"DMS"
114,134.534487305883,"DMS"
115,132.209908193386,"DMS"
116,133.901982160072,"DMS"
117,132.383886594268,"DMS"
118,132.941463046601,"DMS"
119,132.700539154871,"DMS"
120,134.425209217271,"DMS"
121,133.860569338565,"DMS"
122,132.66131219182,"DMS"
123,132.66073616982,"DMS"
124,132.595018930906,"DMS"
125,131.577571031965,"DMS"
126,131.224598557189,"DMS"
127,132.627138641451,"DMS"
128,132.642514232414,"DMS"
129,132.04914910304,"DMS"
130,131.909204056516,"DMS"
131,132.901577456935,"DMS"
132,134.64210179343,"DMS"
133,132.746976568439,"DMS"
134,134.034109915528,"DMS"
135,132.509771122518,"DMS"
136,133.199787576023,"DMS"
137,134.678616424853,"DMS"
138,133.118565519672,"DMS"
139,132.575924800465,"DMS"
140,131.427022922579,"DMS"
141,132.626387859689,"DMS"
142,133.96691815363,"DMS"
143,132.434150500179,"DMS"
144,133.379636727886,"DMS"
145,132.209222122027,"DMS"
146,131.103743241798,"DMS"
147,130.460199289612,"DMS"
148,131.380661634222,"DMS"
149,132.631563770564,"DMS"
150,132.00474626243,"DMS"
151,131.881458846708,"DMS"
152,132.806029108535,"DMS"
153,131.81165893138,"DMS"
154,133.535614941037,"DMS"
155,132.127921477727,"DMS"
156,132.487215733509,"DMS"
157,131.935138515364,"DMS"
158,133.205334074897,"DMS"
159,133.216390537132,"DMS"
160,132.442448016914,"DMS"
161,131.248384278397,"DMS"
162,133.027383705037,"DMS"
163,133.097642902163,"DMS"
164,133.662414039896,"DMS"
165,134.122557182259,"DMS"
1,129.116131219837,"DMA-K"
2,129.183020558895,"DMA-K"
3,128.896057593215,"DMA-K"
4,131.063332210609,"DMA-K"
5,129.78559660266,"DMA-K"
6,129.724694654441,"DMA-K"
7,130.565420640823,"DMA-K"
8,130.25083994075,"DMA-K"
9,129.723451888594,"DMA-K"
10,132.278383367049,"DMA-K"
11,129.775042529644,"DMA-K"
12,131.730922857236,"DMA-K"
13,131.269669066388,"DMA-K"
14,132.522605192987,"DMA-K"
15,130.752737043719,"DMA-K"
16,130.939929801797,"DMA-K"
17,130.409390949833,"DMA-K"
18,129.548779733064,"DMA-K"
19,130.574147073723,"DMA-K"
20,130.231742646603,"DMA-K"
21,130.168704559953,"DMA-K"
22,131.044837396972,"DMA-K"
23,130.090930947381,"DMA-K"
24,127.034979257288,"DMA-K"
25,130.166013494322,"DMA-K"
26,130.330244994747,"DMA-K"
27,130.217003709864,"DMA-K"
28,130.531692550615,"DMA-K"
29,129.729615788614,"DMA-K"
30,131.340405283279,"DMA-K"
31,130.133062995618,"DMA-K"
32,129.988998541023,"DMA-K"
33,131.526753373328,"DMA-K"
34,131.946517438877,"DMA-K"
35,130.478060218062,"DMA-K"
36,130.893625200525,"DMA-K"
37,130.413190374291,"DMA-K"
38,131.263932696671,"DMA-K"
39,132.851662646898,"DMA-K"
40,131.947337024654,"DMA-K"
41,131.632534642421,"DMA-K"
42,131.442329339474,"DMA-K"
43,130.594289385449,"DMA-K"
44,129.485262345018,"DMA-K"
45,132.10146496154,"DMA-K"
46,131.348853499861,"DMA-K"
47,130.644752342538,"DMA-K"
48,132.424818818056,"DMA-K"
49,132.096145557687,"DMA-K"
50,132.467987129641,"DMA-K"
51,132.06345241675,"DMA-K"
52,130.569609826959,"DMA-K"
53,131.090357362603,"DMA-K"
54,129.660156534493,"DMA-K"
55,131.355528361783,"DMA-K"
56,130.026251315102,"DMA-K"
57,131.70412355981,"DMA-K"
58,131.853940663848,"DMA-K"
59,131.119877135857,"DMA-K"
60,131.767309096566,"DMA-K"
61,130.249464831996,"DMA-K"
62,132.19133416924,"DMA-K"
63,133.684422389963,"DMA-K"
64,132.251259868938,"DMA-K"
65,133.240966618424,"DMA-K"
66,131.42727666085,"DMA-K"
67,131.388509439597,"DMA-K"
68,132.836817926984,"DMA-K"
69,132.353068105278,"DMA-K"
70,132.976218613047,"DMA-K"
71,131.986265171589,"DMA-K"
72,131.747520806479,"DMA-K"
73,132.216114590924,"DMA-K"
74,131.923186161019,"DMA-K"
75,132.587876152448,"DMA-K"
76,131.602318026781,"DMA-K"
77,131.027364821025,"DMA-K"
78,133.264028138384,"DMA-K"
79,131.093781917946,"DMA-K"
80,132.11914869174,"DMA-K"
81,129.990859196643,"DMA-K"
82,131.285759183186,"DMA-K"
83,134.315242216507,"DMA-K"
84,132.101991000586,"DMA-K"
85,132.813886712664,"DMA-K"
86,132.610356076984,"DMA-K"
87,130.832031565825,"DMA-K"
88,133.196376435624,"DMA-K"
89,131.286434166178,"DMA-K"
90,133.213337767243,"DMA-K"
91,131.463858703514,"DMA-K"
92,132.740173293389,"DMA-K"
93,133.357807283017,"DMA-K"
94,132.427271515067,"DMA-K"
95,132.83272886453,"DMA-K"
96,133.480368329067,"DMA-K"
97,133.975739050664,"DMA-K"
98,135.023294943433,"DMA-K"
99,136.314770528936,"DMA-K"
100,133.243350199704,"DMA-K"
101,134.598988825126,"DMA-K"
102,134.020719315918,"DMA-K"
103,133.381000279461,"DMA-K"
104,133.226087185437,"DMA-K"
105,132.159580654449,"DMA-K"
106,134.160462028074,"DMA-K"
107,134.108733771132,"DMA-K"
108,132.339547536901,"DMA-K"
109,131.603215924927,"DMA-K"
110,132.992604990677,"DMA-K"
111,134.013077973176,"DMA-K"
112,134.747887751766,"DMA-K"
113,132.227995294768,"DMA-K"
114,132.676010710858,"DMA-K"
115,134.607336201358,"DMA-K"
116,132.556315379368,"DMA-K"
117,131.984850018595,"DMA-K"
118,133.267819837119,"DMA-K"
119,135.189294318997,"DMA-K"
120,131.925783873584,"DMA-K"
121,132.242508521804,"DMA-K"
122,132.489585469651,"DMA-K"
123,132.598967360363,"DMA-K"
124,132.132625676698,"DMA-K"
125,133.296414941152,"DMA-K"
126,132.084172540562,"DMA-K"
127,132.660918864792,"DMA-K"
128,133.503222159866,"DMA-K"
129,132.834896006066,"DMA-K"
130,133.402098512509,"DMA-K"
131,131.558328291045,"DMA-K"
132,132.206464708919,"DMA-K"
133,132.908081000521,"DMA-K"
134,131.445045740325,"DMA-K"
135,132.92207044495,"DMA-K"
136,133.84275057049,"DMA-K"
137,132.590866372701,"DMA-K"
138,131.21272144433,"DMA-K"
139,132.911566255219,"DMA-K"
140,131.662807974889,"DMA-K"
141,132.8228314758,"DMA-K"
142,131.668045579835,"DMA-K"
143,130.810312900597,"DMA-K"
144,133.497594525682,"DMA-K"
145,132.685316561983,"DMA-K"
146,131.201741722122,"DMA-K"
147,130.754626727446,"DMA-K"
148,131.061570412817,"DMA-K"
149,132.088025714299,"DMA-K"
150,133.653240696512,"DMA-K"
151,132.969537955084,"DMA-K"
152,131.767950186542,"DMA-K"
153,133.772974347496,"DMA-K"
154,131.272641401994,"DMA-K"
155,134.343414601676,"DMA-K"
156,132.393467229922,"DMA-K"
157,134.180781503904,"DMA-K"
158,131.695748241279,"DMA-K"
159,132.848647591131,"DMA-K"
160,132.332495106811,"DMA-K"
161,133.36166942032,"DMA-K"
162,131.913086247995,"DMA-K"
163,131.48960525962,"DMA-K"
164,132.270853502887,"DMA-K"
165,134.943913133598,"DMA-K"
1,130.224121746584,"B-LASSO"
2,131.15569408188,"B-LASSO"
3,129.260494491268,"B-LASSO"
4,130.072152071808,"B-LASSO"
5,130.134678608551,"B-LASSO"
6,130.19162883031,"B-LASSO"
7,130.445148564006,"B-LASSO"
8,130.796831348485,"B-LASSO"
9,129.407895740351,"B-LASSO"
10,131.236279222706,"B-LASSO"
11,132.669794588801,"B-LASSO"
12,130.516983902834,"B-LASSO"
13,131.293503451535,"B-LASSO"
14,130.958808932246,"B-LASSO"
15,130.598657168071,"B-LASSO"
16,131.468389004534,"B-LASSO"
17,130.956766233975,"B-LASSO"
18,129.707265199968,"B-LASSO"
19,130.769097935921,"B-LASSO"
20,132.285232346101,"B-LASSO"
21,131.368617699751,"B-LASSO"
22,131.146457483794,"B-LASSO"
23,130.401488803259,"B-LASSO"
24,131.112254350019,"B-LASSO"
25,127.939539293371,"B-LASSO"
26,130.059573738668,"B-LASSO"
27,128.490469223087,"B-LASSO"
28,129.844134566718,"B-LASSO"
29,128.499611236001,"B-LASSO"
30,131.909042882223,"B-LASSO"
31,129.645548499153,"B-LASSO"
32,129.861359248039,"B-LASSO"
33,132.084382146203,"B-LASSO"
34,131.729631175323,"B-LASSO"
35,130.485886015014,"B-LASSO"
36,128.596464017794,"B-LASSO"
37,132.127763958443,"B-LASSO"
38,130.686047523974,"B-LASSO"
39,130.261074153602,"B-LASSO"
40,130.424000325073,"B-LASSO"
41,129.643512495054,"B-LASSO"
42,129.273039684655,"B-LASSO"
43,129.591193652886,"B-LASSO"
44,132.451006466941,"B-LASSO"
45,130.09807419805,"B-LASSO"
46,130.815330558525,"B-LASSO"
47,131.792861336411,"B-LASSO"
48,131.648326678881,"B-LASSO"
49,128.911720340863,"B-LASSO"
50,133.012095270996,"B-LASSO"
51,131.529553211571,"B-LASSO"
52,132.531377485492,"B-LASSO"
53,130.22056111683,"B-LASSO"
54,131.0327261075,"B-LASSO"
55,131.234015801415,"B-LASSO"
56,132.5867691673,"B-LASSO"
57,130.126586630684,"B-LASSO"
58,131.124572745253,"B-LASSO"
59,132.488362232448,"B-LASSO"
60,133.103601007295,"B-LASSO"
61,130.781167140162,"B-LASSO"
62,133.506689760995,"B-LASSO"
63,131.623041371623,"B-LASSO"
64,131.418446112367,"B-LASSO"
65,132.316520583219,"B-LASSO"
66,132.625542496185,"B-LASSO"
67,130.751361884456,"B-LASSO"
68,132.726824041317,"B-LASSO"
69,130.708912356055,"B-LASSO"
70,133.181463231583,"B-LASSO"
71,131.485027821081,"B-LASSO"
72,130.850860873481,"B-LASSO"
73,133.236834469304,"B-LASSO"
74,132.443965470711,"B-LASSO"
75,130.334860675841,"B-LASSO"
76,133.014541718782,"B-LASSO"
77,131.626638627671,"B-LASSO"
78,132.466557447456,"B-LASSO"
79,132.380213106108,"B-LASSO"
80,130.666852488639,"B-LASSO"
81,131.713878999874,"B-LASSO"
82,131.901324377592,"B-LASSO"
83,131.372888463048,"B-LASSO"
84,129.617317781776,"B-LASSO"
85,131.388244636508,"B-LASSO"
86,132.655544773522,"B-LASSO"
87,133.411064428513,"B-LASSO"
88,133.711199594545,"B-LASSO"
89,133.164649831317,"B-LASSO"
90,132.258432784256,"B-LASSO"
91,132.254571533547,"B-LASSO"
92,132.074819733304,"B-LASSO"
93,133.954061717408,"B-LASSO"
94,132.029191752559,"B-LASSO"
95,133.221670639688,"B-LASSO"
96,134.02129488186,"B-LASSO"
97,133.686423779215,"B-LASSO"
98,133.729515624116,"B-LASSO"
99,132.986237236895,"B-LASSO"
100,131.956912308113,"B-LASSO"
101,132.937442253981,"B-LASSO"
102,132.300550802124,"B-LASSO"
103,133.47836558604,"B-LASSO"
104,133.316754493208,"B-LASSO"
105,132.75235663952,"B-LASSO"
106,133.865351373996,"B-LASSO"
107,134.817239455522,"B-LASSO"
108,132.908112576403,"B-LASSO"
109,133.453703344294,"B-LASSO"
110,131.730995939472,"B-LASSO"
111,132.776011201359,"B-LASSO"
112,133.044376881165,"B-LASSO"
113,133.334620821189,"B-LASSO"
114,133.257704711862,"B-LASSO"
115,133.102846730118,"B-LASSO"
116,133.42906697602,"B-LASSO"
117,131.931298182962,"B-LASSO"
118,133.1481406569,"B-LASSO"
119,130.858460707352,"B-LASSO"
120,133.769978807553,"B-LASSO"
121,133.53645083373,"B-LASSO"
122,132.534049000556,"B-LASSO"
123,134.565408966787,"B-LASSO"
124,131.863594106214,"B-LASSO"
125,134.344876056849,"B-LASSO"
126,133.581630494484,"B-LASSO"
127,135.423150591818,"B-LASSO"
128,134.350100909693,"B-LASSO"
129,133.616743968794,"B-LASSO"
130,133.41159820439,"B-LASSO"
131,133.589755387894,"B-LASSO"
132,134.072910941245,"B-LASSO"
133,133.978871912381,"B-LASSO"
134,134.459957953493,"B-LASSO"
135,132.563051621442,"B-LASSO"
136,135.045315584087,"B-LASSO"
137,132.691345017789,"B-LASSO"
138,131.286165099088,"B-LASSO"
139,134.689720310419,"B-LASSO"
140,131.255883609751,"B-LASSO"
141,133.134158072627,"B-LASSO"
142,132.05076973973,"B-LASSO"
143,134.422098810102,"B-LASSO"
144,133.444083635501,"B-LASSO"
145,131.606337484459,"B-LASSO"
146,133.645272654302,"B-LASSO"
147,132.428198387195,"B-LASSO"
148,133.127233877071,"B-LASSO"
149,133.718854928266,"B-LASSO"
150,131.843273504712,"B-LASSO"
151,132.910858448866,"B-LASSO"
152,129.693048242067,"B-LASSO"
153,132.373715531631,"B-LASSO"
154,133.679529010646,"B-LASSO"
155,133.888626718787,"B-LASSO"
156,133.357404245101,"B-LASSO"
157,133.044625835443,"B-LASSO"
158,133.610835991386,"B-LASSO"
159,131.765539859469,"B-LASSO"
160,132.03356346364,"B-LASSO"
161,131.925756046925,"B-LASSO"
162,133.305692231747,"B-LASSO"
163,132.789734351916,"B-LASSO"
164,133.693254070263,"B-LASSO"
165,133.647106867502,"B-LASSO"
1,131.445587348127,"B-RIDGE"
2,132.185974699204,"B-RIDGE"
3,128.473333212364,"B-RIDGE"
4,130.770969225236,"B-RIDGE"
5,129.454657054297,"B-RIDGE"
6,132.356449173498,"B-RIDGE"
7,131.52073995078,"B-RIDGE"
8,131.990911175853,"B-RIDGE"
9,128.751603409347,"B-RIDGE"
10,130.418929542197,"B-RIDGE"
11,132.612248761558,"B-RIDGE"
12,129.464457624525,"B-RIDGE"
13,129.375891831087,"B-RIDGE"
14,130.519821015406,"B-RIDGE"
15,129.7741103826,"B-RIDGE"
16,132.014098116151,"B-RIDGE"
17,130.476808114275,"B-RIDGE"
18,130.479340856529,"B-RIDGE"
19,129.122265059155,"B-RIDGE"
20,131.285005107027,"B-RIDGE"
21,131.561217747111,"B-RIDGE"
22,129.003212041476,"B-RIDGE"
23,132.422560842705,"B-RIDGE"
24,129.24144838022,"B-RIDGE"
25,130.967504044948,"B-RIDGE"
26,130.367759498389,"B-RIDGE"
27,129.150929129624,"B-RIDGE"
28,129.612835310012,"B-RIDGE"
29,131.413660675041,"B-RIDGE"
30,130.302369842329,"B-RIDGE"
31,130.260814247572,"B-RIDGE"
32,131.654943889251,"B-RIDGE"
33,131.096922536914,"B-RIDGE"
34,130.446645591147,"B-RIDGE"
35,131.144697658892,"B-RIDGE"
36,129.288746020871,"B-RIDGE"
37,131.462521994771,"B-RIDGE"
38,133.981942550292,"B-RIDGE"
39,130.817554612268,"B-RIDGE"
40,130.34540329767,"B-RIDGE"
41,132.774210616426,"B-RIDGE"
42,132.060530089089,"B-RIDGE"
43,132.649631951956,"B-RIDGE"
44,131.92136415425,"B-RIDGE"
45,131.885006444956,"B-RIDGE"
46,132.09948094524,"B-RIDGE"
47,130.050876517293,"B-RIDGE"
48,131.463398802008,"B-RIDGE"
49,131.822937437589,"B-RIDGE"
50,133.684608605295,"B-RIDGE"
51,132.430296112749,"B-RIDGE"
52,133.459429983404,"B-RIDGE"
53,131.421600110517,"B-RIDGE"
54,130.47693011406,"B-RIDGE"
55,130.498334600183,"B-RIDGE"
56,130.128516606723,"B-RIDGE"
57,129.256782413016,"B-RIDGE"
58,131.20928630508,"B-RIDGE"
59,131.113059933062,"B-RIDGE"
60,133.632884684773,"B-RIDGE"
61,129.753448977985,"B-RIDGE"
62,132.018797331361,"B-RIDGE"
63,131.225813382172,"B-RIDGE"
64,132.503822853618,"B-RIDGE"
65,132.513434209618,"B-RIDGE"
66,130.482405879706,"B-RIDGE"
67,131.440429398296,"B-RIDGE"
68,131.408588200518,"B-RIDGE"
69,130.479837969363,"B-RIDGE"
70,132.328272825377,"B-RIDGE"
71,131.647460113,"B-RIDGE"
72,130.950539878572,"B-RIDGE"
73,130.643159620074,"B-RIDGE"
74,131.955261057988,"B-RIDGE"
75,131.898913052781,"B-RIDGE"
76,131.132884039685,"B-RIDGE"
77,134.027447553242,"B-RIDGE"
78,130.275163723827,"B-RIDGE"
79,131.585527716046,"B-RIDGE"
80,130.885343224465,"B-RIDGE"
81,132.964508970545,"B-RIDGE"
82,133.379953417797,"B-RIDGE"
83,128.694296430417,"B-RIDGE"
84,131.256227731073,"B-RIDGE"
85,129.522990889478,"B-RIDGE"
86,134.454911096178,"B-RIDGE"
87,132.432784607975,"B-RIDGE"
88,132.907508863587,"B-RIDGE"
89,132.329793379667,"B-RIDGE"
90,130.476482533273,"B-RIDGE"
91,130.609439804534,"B-RIDGE"
92,133.917579355135,"B-RIDGE"
93,133.298187862967,"B-RIDGE"
94,131.804541880038,"B-RIDGE"
95,131.120156996047,"B-RIDGE"
96,133.807540910216,"B-RIDGE"
97,132.077986154819,"B-RIDGE"
98,133.116846885877,"B-RIDGE"
99,134.5148683425,"B-RIDGE"
100,132.207396037834,"B-RIDGE"
101,131.548063103001,"B-RIDGE"
102,135.840525359257,"B-RIDGE"
103,132.631468669667,"B-RIDGE"
104,135.608970907354,"B-RIDGE"
105,132.550125085152,"B-RIDGE"
106,133.724738960116,"B-RIDGE"
107,133.751831303221,"B-RIDGE"
108,131.311179799705,"B-RIDGE"
109,131.846186846643,"B-RIDGE"
110,135.388641937862,"B-RIDGE"
111,132.865235678157,"B-RIDGE"
112,134.385922736831,"B-RIDGE"
113,130.653159589805,"B-RIDGE"
114,134.009205914794,"B-RIDGE"
115,132.500291211879,"B-RIDGE"
116,132.730485949621,"B-RIDGE"
117,132.296729020813,"B-RIDGE"
118,132.824571020118,"B-RIDGE"
119,133.06085189269,"B-RIDGE"
120,130.424720201825,"B-RIDGE"
121,131.673489898108,"B-RIDGE"
122,133.180829116715,"B-RIDGE"
123,132.381377574384,"B-RIDGE"
124,132.657025693064,"B-RIDGE"
125,132.429467430187,"B-RIDGE"
126,134.323980528439,"B-RIDGE"
127,132.79814548815,"B-RIDGE"
128,132.724130704781,"B-RIDGE"
129,133.600132183696,"B-RIDGE"
130,135.697390027392,"B-RIDGE"
131,133.657019767376,"B-RIDGE"
132,134.544204572226,"B-RIDGE"
133,131.989446631386,"B-RIDGE"
134,133.115380838761,"B-RIDGE"
135,132.090340464637,"B-RIDGE"
136,134.084329725803,"B-RIDGE"
137,132.909581036443,"B-RIDGE"
138,133.687700721086,"B-RIDGE"
139,136.645790861441,"B-RIDGE"
140,132.107604615473,"B-RIDGE"
141,133.807416484272,"B-RIDGE"
142,131.731248744995,"B-RIDGE"
143,131.902988068758,"B-RIDGE"
144,134.084812218782,"B-RIDGE"
145,132.317388531962,"B-RIDGE"
146,132.824841134948,"B-RIDGE"
147,131.235451931549,"B-RIDGE"
148,132.120761171048,"B-RIDGE"
149,131.340805799466,"B-RIDGE"
150,133.223314773795,"B-RIDGE"
151,131.400141537465,"B-RIDGE"
152,132.310283323056,"B-RIDGE"
153,132.234430717032,"B-RIDGE"
154,132.865687982624,"B-RIDGE"
155,132.142180306898,"B-RIDGE"
156,130.960276019106,"B-RIDGE"
157,133.112526571764,"B-RIDGE"
158,133.704315516685,"B-RIDGE"
159,135.050725280125,"B-RIDGE"
160,130.954244032143,"B-RIDGE"
161,134.873397493245,"B-RIDGE"
162,131.552102388324,"B-RIDGE"
163,132.471550506625,"B-RIDGE"
164,131.646169280375,"B-RIDGE"
165,135.165151264348,"B-RIDGE"
1,130.131428189891,"BMA"
2,129.861603500649,"BMA"
3,130.786784197468,"BMA"
4,134.204367778396,"BMA"
5,129.326114060289,"BMA"
6,131.149403766689,"BMA"
7,130.747486782414,"BMA"
8,130.681190661127,"BMA"
9,131.919835717102,"BMA"
10,130.595934507847,"BMA"
11,130.405245611119,"BMA"
12,131.031395641729,"BMA"
13,129.670393348493,"BMA"
14,133.331262033032,"BMA"
15,133.246517548909,"BMA"
16,129.815766491529,"BMA"
17,128.381988362733,"BMA"
18,133.482961588058,"BMA"
19,131.565073139477,"BMA"
20,128.855674212615,"BMA"
21,129.549487587072,"BMA"
22,129.230649356902,"BMA"
23,130.722104061548,"BMA"
24,130.063289338667,"BMA"
25,132.299724377414,"BMA"
26,132.748306875241,"BMA"
27,131.561089286484,"BMA"
28,130.300967163061,"BMA"
29,131.744697622989,"BMA"
30,129.341375634,"BMA"
31,129.562424829679,"BMA"
32,130.481931547446,"BMA"
33,130.342300425913,"BMA"
34,129.668283239454,"BMA"
35,131.416667290056,"BMA"
36,130.145343322619,"BMA"
37,132.711285512777,"BMA"
38,130.642245718499,"BMA"
39,130.602868504732,"BMA"
40,130.981635421959,"BMA"
41,132.8935844531,"BMA"
42,131.83121110555,"BMA"
43,131.31579512464,"BMA"
44,132.58635048699,"BMA"
45,129.834463604011,"BMA"
46,132.809392949586,"BMA"
47,131.175791085705,"BMA"
48,129.092631784754,"BMA"
49,130.427110950278,"BMA"
50,130.746116195152,"BMA"
51,133.443517348526,"BMA"
52,128.535327662784,"BMA"
53,130.859633108806,"BMA"
54,130.219757790437,"BMA"
55,131.934165928864,"BMA"
56,131.829671545641,"BMA"
57,133.069722788061,"BMA"
58,133.087055515387,"BMA"
59,132.735902461779,"BMA"
60,134.304458224427,"BMA"
61,130.35314009096,"BMA"
62,131.12260573135,"BMA"
63,133.132608259664,"BMA"
64,130.833096194663,"BMA"
65,129.759680203861,"BMA"
66,132.06414974372,"BMA"
67,132.80159607403,"BMA"
68,130.96599573748,"BMA"
69,128.078498271071,"BMA"
70,130.639444641106,"BMA"
71,130.363861357818,"BMA"
72,130.90305604304,"BMA"
73,131.418729297776,"BMA"
74,133.271822556952,"BMA"
75,129.804202975012,"BMA"
76,131.114853136351,"BMA"
77,130.913206816461,"BMA"
78,133.78514289802,"BMA"
79,129.74341954885,"BMA"
80,129.666784645598,"BMA"
81,133.307047798319,"BMA"
82,131.977267411824,"BMA"
83,131.078372667928,"BMA"
84,131.000603742855,"BMA"
85,128.378591879851,"BMA"
86,132.446933737208,"BMA"
87,132.052948614791,"BMA"
88,133.882500206417,"BMA"
89,131.641592310491,"BMA"
90,133.913116685572,"BMA"
91,133.022911052749,"BMA"
92,133.809202519738,"BMA"
93,130.313178451367,"BMA"
94,134.141754171617,"BMA"
95,134.073637047992,"BMA"
96,134.746387883373,"BMA"
97,133.177448989059,"BMA"
98,131.986635416384,"BMA"
99,133.291287204983,"BMA"
100,134.412729298738,"BMA"
101,134.503723519581,"BMA"
102,135.189581262844,"BMA"
103,133.218146957944,"BMA"
104,135.488962329499,"BMA"
105,132.052403580795,"BMA"
106,129.418216268544,"BMA"
107,133.3920313516,"BMA"
108,132.791833032194,"BMA"
109,130.978821618702,"BMA"
110,133.155357514826,"BMA"
111,131.165479095123,"BMA"
112,131.837605907858,"BMA"
113,134.743497518772,"BMA"
114,128.514820696214,"BMA"
115,133.341876949666,"BMA"
116,132.319678732855,"BMA"
117,132.124108354495,"BMA"
118,133.10188113184,"BMA"
119,132.135786253445,"BMA"
120,131.930438645076,"BMA"
121,130.773273355013,"BMA"
122,134.832386462288,"BMA"
123,133.807421003047,"BMA"
124,130.745461696966,"BMA"
125,132.378985296999,"BMA"
126,133.66340763984,"BMA"
127,132.006830071506,"BMA"
128,132.89007863599,"BMA"
129,132.866899280451,"BMA"
130,134.995078930013,"BMA"
131,131.849983771556,"BMA"
132,134.110461977679,"BMA"
133,132.232093180841,"BMA"
134,132.632429952599,"BMA"
135,132.661813180876,"BMA"
136,133.358249904454,"BMA"
137,132.871912839718,"BMA"
138,132.179126965175,"BMA"
139,133.141689740197,"BMA"
140,133.317287912998,"BMA"
141,133.673436999502,"BMA"
142,131.190573257116,"BMA"
143,132.543793674224,"BMA"
144,135.168046537343,"BMA"
145,131.630079707172,"BMA"
146,132.438751161902,"BMA"
147,133.560702897126,"BMA"
148,130.581984761624,"BMA"
149,130.777970091766,"BMA"
150,134.090097911899,"BMA"
151,133.469620785529,"BMA"
152,131.178507742833,"BMA"
153,134.863997565395,"BMA"
154,134.075063087718,"BMA"
155,135.115348208246,"BMA"
156,130.950485763823,"BMA"
157,134.206792240029,"BMA"
158,132.849958127655,"BMA"
159,130.201414568172,"BMA"
160,131.659339708951,"BMA"
161,134.055034501105,"BMA"
162,133.957458135108,"BMA"
163,130.650019867909,"BMA"
164,133.238308171232,"BMA"
165,130.568351842622,"BMA"
1,131.263875846476,"BMS"
2,130.660047426862,"BMS"
3,132.795819289738,"BMS"
4,129.812785607055,"BMS"
5,130.994809563774,"BMS"
6,129.489089290686,"BMS"
7,129.137704921927,"BMS"
8,131.912866433515,"BMS"
9,131.743762481155,"BMS"
10,130.807969394047,"BMS"
11,131.200544527099,"BMS"
12,131.064935570089,"BMS"
13,131.283358917205,"BMS"
14,130.990253630358,"BMS"
15,128.663750683791,"BMS"
16,127.929086720798,"BMS"
17,129.04835123227,"BMS"
18,132.620410167102,"BMS"
19,129.196115748263,"BMS"
20,131.725041053159,"BMS"
21,131.88203049017,"BMS"
22,130.947822795822,"BMS"
23,131.023805405946,"BMS"
24,131.424508899499,"BMS"
25,132.749480686072,"BMS"
26,130.139077690417,"BMS"
27,129.824442752031,"BMS"
28,129.395997373414,"BMS"
29,131.587194697891,"BMS"
30,130.542051686975,"BMS"
31,132.103972843828,"BMS"
32,128.420942015367,"BMS"
33,129.918339307371,"BMS"
34,130.377477444402,"BMS"
35,131.654988699118,"BMS"
36,132.001297511464,"BMS"
37,130.800308263752,"BMS"
38,131.474178464922,"BMS"
39,129.372161911789,"BMS"
40,134.120300341444,"BMS"
41,130.598963054239,"BMS"
42,130.828436099804,"BMS"
43,130.276154950533,"BMS"
44,129.661582074765,"BMS"
45,132.655819250683,"BMS"
46,128.479391850089,"BMS"
47,130.685263840236,"BMS"
48,131.300798416447,"BMS"
49,129.04704404394,"BMS"
50,132.860789521484,"BMS"
51,130.592754653254,"BMS"
52,132.321165559936,"BMS"
53,128.618858131688,"BMS"
54,131.152727473738,"BMS"
55,131.658339390689,"BMS"
56,129.778170943638,"BMS"
57,132.971105721876,"BMS"
58,132.108377857196,"BMS"
59,131.596240085435,"BMS"
60,132.058011262414,"BMS"
61,131.786635862718,"BMS"
62,132.817582381772,"BMS"
63,132.055379407984,"BMS"
64,133.957302581367,"BMS"
65,130.883788074523,"BMS"
66,132.885621963331,"BMS"
67,131.872853140808,"BMS"
68,134.932009214748,"BMS"
69,131.889097287502,"BMS"
70,132.367695433055,"BMS"
71,131.592623081539,"BMS"
72,128.664834147696,"BMS"
73,129.005213642841,"BMS"
74,131.675576775563,"BMS"
75,131.934719492127,"BMS"
76,130.934870864501,"BMS"
77,132.87107270684,"BMS"
78,133.827181530441,"BMS"
79,134.401342455964,"BMS"
80,128.561478265903,"BMS"
81,133.066440748473,"BMS"
82,133.349431080859,"BMS"
83,132.933214168301,"BMS"
84,133.7023039082,"BMS"
85,131.776349729634,"BMS"
86,131.635283835472,"BMS"
87,133.780730539152,"BMS"
88,131.322090269584,"BMS"
89,133.647365543847,"BMS"
90,131.297918480645,"BMS"
91,131.788705849224,"BMS"
92,131.722609618511,"BMS"
93,134.151723638086,"BMS"
94,132.66352391637,"BMS"
95,133.784666810525,"BMS"
96,136.471481055368,"BMS"
97,131.764353372376,"BMS"
98,135.496191289399,"BMS"
99,134.425691236454,"BMS"
100,133.37921201669,"BMS"
101,131.497696159572,"BMS"
102,137.596257831202,"BMS"
103,130.823194346495,"BMS"
104,132.131887714039,"BMS"
105,134.845061602997,"BMS"
106,130.838624172529,"BMS"
107,133.731994264237,"BMS"
108,130.491642408612,"BMS"
109,133.484193890132,"BMS"
110,136.227384891618,"BMS"
111,133.193483688001,"BMS"
112,133.729020750166,"BMS"
113,133.874325475007,"BMS"
114,131.602345497797,"BMS"
115,131.453476104914,"BMS"
116,132.162349210448,"BMS"
117,133.530161697962,"BMS"
118,131.310694264054,"BMS"
119,132.697944508086,"BMS"
120,133.877333995927,"BMS"
121,131.893487848571,"BMS"
122,132.508254340816,"BMS"
123,132.801997857404,"BMS"
124,130.104811269424,"BMS"
125,132.569352965847,"BMS"
126,130.932876741246,"BMS"
127,132.414308138389,"BMS"
128,133.586491365826,"BMS"
129,133.643439502054,"BMS"
130,131.37813676458,"BMS"
131,131.1431936225,"BMS"
132,135.702509397671,"BMS"
133,130.185194074055,"BMS"
134,131.354706644115,"BMS"
135,132.244258836213,"BMS"
136,132.812142523172,"BMS"
137,131.778477004782,"BMS"
138,130.823099761828,"BMS"
139,133.018613914189,"BMS"
140,131.036415198098,"BMS"
141,132.341277339222,"BMS"
142,133.702662993741,"BMS"
143,134.398300276022,"BMS"
144,134.297458273549,"BMS"
145,133.790631986483,"BMS"
146,131.95278014676,"BMS"
147,129.532707937196,"BMS"
148,129.947077107131,"BMS"
149,133.652813572367,"BMS"
150,129.022221254217,"BMS"
151,133.702501975593,"BMS"
152,132.755453313052,"BMS"
153,135.666392840023,"BMS"
154,132.64794655311,"BMS"
155,129.450577405459,"BMS"
156,133.880489895433,"BMS"
157,134.389974772465,"BMS"
158,132.097181006591,"BMS"
159,132.436590286176,"BMS"
160,133.448803198278,"BMS"
161,133.403960933484,"BMS"
162,132.861896470205,"BMS"
163,132.797278898804,"BMS"
164,136.195241180251,"BMS"
165,134.825934227031,"BMS"
1,133.621588577236,"TVP-REG"
2,129.193693599481,"TVP-REG"
3,129.434185529648,"TVP-REG"
4,129.647301980272,"TVP-REG"
5,131.543488502196,"TVP-REG"
6,133.732745907436,"TVP-REG"
7,131.372421633207,"TVP-REG"
8,129.869515229549,"TVP-REG"
9,130.913642501754,"TVP-REG"
10,129.7074554098,"TVP-REG"
11,130.172485149596,"TVP-REG"
12,128.844653164144,"TVP-REG"
13,130.92628163688,"TVP-REG"
14,129.950422342055,"TVP-REG"
15,128.813542819791,"TVP-REG"
16,130.951835197924,"TVP-REG"
17,131.891931079205,"TVP-REG"
18,130.466145010961,"TVP-REG"
19,130.420026829461,"TVP-REG"
20,130.400948072039,"TVP-REG"
21,132.463324186385,"TVP-REG"
22,131.977113667077,"TVP-REG"
23,130.490692627807,"TVP-REG"
24,128.813512802825,"TVP-REG"
25,130.468491694578,"TVP-REG"
26,127.85889350247,"TVP-REG"
27,132.262535758424,"TVP-REG"
28,130.996386385333,"TVP-REG"
29,132.858229043767,"TVP-REG"
30,132.352331237852,"TVP-REG"
31,131.298512691026,"TVP-REG"
32,129.610724795053,"TVP-REG"
33,130.390559480117,"TVP-REG"
34,128.609836620261,"TVP-REG"
35,130.537756787577,"TVP-REG"
36,133.114137628159,"TVP-REG"
37,131.425564336828,"TVP-REG"
38,131.424804595894,"TVP-REG"
39,130.326530176507,"TVP-REG"
40,133.455654209831,"TVP-REG"
41,131.935067207148,"TVP-REG"
42,129.445080164576,"TVP-REG"
43,131.325157415343,"TVP-REG"
44,133.144902451616,"TVP-REG"
45,130.883642015273,"TVP-REG"
46,131.276375144657,"TVP-REG"
47,130.538472621566,"TVP-REG"
48,133.427829595181,"TVP-REG"
49,131.46426693891,"TVP-REG"
50,135.99114784593,"TVP-REG"
51,127.756981958495,"TVP-REG"
52,131.249079582496,"TVP-REG"
53,132.948240886386,"TVP-REG"
54,131.106684853151,"TVP-REG"
55,135.277056931801,"TVP-REG"
56,131.784168403156,"TVP-REG"
57,129.730170912327,"TVP-REG"
58,130.908087844847,"TVP-REG"
59,131.331316724276,"TVP-REG"
60,131.98213728002,"TVP-REG"
61,132.158066999735,"TVP-REG"
62,134.49193165199,"TVP-REG"
63,130.547324239027,"TVP-REG"
64,130.817149482002,"TVP-REG"
65,131.48900496455,"TVP-REG"
66,129.498650753652,"TVP-REG"
67,132.036014873367,"TVP-REG"
68,132.19748922352,"TVP-REG"
69,129.686211435257,"TVP-REG"
70,129.929847437657,"TVP-REG"
71,131.996802660904,"TVP-REG"
72,130.571300442351,"TVP-REG"
73,133.264188485741,"TVP-REG"
74,130.86384619949,"TVP-REG"
75,131.654912703004,"TVP-REG"
76,132.766209875975,"TVP-REG"
77,130.560462329985,"TVP-REG"
78,133.44241760001,"TVP-REG"
79,132.381288565555,"TVP-REG"
80,135.891046914665,"TVP-REG"
81,131.281379206603,"TVP-REG"
82,128.381127378378,"TVP-REG"
83,134.003339832444,"TVP-REG"
84,132.028167661595,"TVP-REG"
85,134.887191326115,"TVP-REG"
86,130.327703516722,"TVP-REG"
87,137.001874849864,"TVP-REG"
88,134.886408016269,"TVP-REG"
89,131.942600669976,"TVP-REG"
90,134.50886058244,"TVP-REG"
91,132.528278109567,"TVP-REG"
92,136.348909509229,"TVP-REG"
93,131.755059514019,"TVP-REG"
94,133.05944570899,"TVP-REG"
95,131.119807397073,"TVP-REG"
96,132.74423692551,"TVP-REG"
97,131.627748698668,"TVP-REG"
98,136.634162999675,"TVP-REG"
99,132.908807227697,"TVP-REG"
100,132.280145687905,"TVP-REG"
101,135.29439103025,"TVP-REG"
102,130.21166962299,"TVP-REG"
103,135.210207338734,"TVP-REG"
104,131.998673642124,"TVP-REG"
105,133.500105219692,"TVP-REG"
106,130.76129529565,"TVP-REG"
107,134.188428576272,"TVP-REG"
108,134.583655045075,"TVP-REG"
109,133.430054406395,"TVP-REG"
110,131.766028234192,"TVP-REG"
111,133.961409099645,"TVP-REG"
112,132.593772020683,"TVP-REG"
113,133.114407379968,"TVP-REG"
114,132.01352966308,"TVP-REG"
115,137.277846007916,"TVP-REG"
116,129.787697622173,"TVP-REG"
117,134.132765580484,"TVP-REG"
118,136.360001385378,"TVP-REG"
119,131.289593772604,"TVP-REG"
120,129.605916148388,"TVP-REG"
121,130.520580730952,"TVP-REG"
122,132.795835843319,"TVP-REG"
123,135.09061555721,"TVP-REG"
124,133.74504041673,"TVP-REG"
125,133.11545754812,"TVP-REG"
126,130.919346390745,"TVP-REG"
127,131.440629231525,"TVP-REG"
128,132.949752984445,"TVP-REG"
129,132.825370278715,"TVP-REG"
130,132.432549891162,"TVP-REG"
131,129.626158740696,"TVP-REG"
132,133.489740973638,"TVP-REG"
133,132.64247970535,"TVP-REG"
134,130.168241783184,"TVP-REG"
135,129.603139740607,"TVP-REG"
136,133.217366647606,"TVP-REG"
137,131.099515202182,"TVP-REG"
138,129.557054810402,"TVP-REG"
139,132.984948327375,"TVP-REG"
140,133.849153800654,"TVP-REG"
141,134.94043753497,"TVP-REG"
142,131.281989204184,"TVP-REG"
143,132.790463294472,"TVP-REG"
144,134.679486048222,"TVP-REG"
145,129.745509096174,"TVP-REG"
146,134.421711422158,"TVP-REG"
147,135.448430813637,"TVP-REG"
148,130.961702303339,"TVP-REG"
149,132.38137516583,"TVP-REG"
150,125.530259075892,"TVP-REG"
151,129.020803195612,"TVP-REG"
152,135.068764636655,"TVP-REG"
153,127.556167209026,"TVP-REG"
154,132.840218752242,"TVP-REG"
155,130.725679674155,"TVP-REG"
156,132.224166454969,"TVP-REG"
157,131.634937071285,"TVP-REG"
158,132.368654525486,"TVP-REG"
159,132.610814271545,"TVP-REG"
160,133.625256427066,"TVP-REG"
161,132.489954200894,"TVP-REG"
162,134.864896967615,"TVP-REG"
163,130.816956462829,"TVP-REG"
164,133.130895379779,"TVP-REG"
165,129.39503400879,"TVP-REG"
1,130.914356054656,"TVP-K"
2,130.216611519206,"TVP-K"
3,131.762839055172,"TVP-K"
4,127.418649379885,"TVP-K"
5,129.15874495768,"TVP-K"
6,128.104043691452,"TVP-K"
7,130.453540747273,"TVP-K"
8,128.795228002281,"TVP-K"
9,129.756066905587,"TVP-K"
10,132.544481142786,"TVP-K"
11,134.20491591923,"TVP-K"
12,126.726906725899,"TVP-K"
13,127.954640359097,"TVP-K"
14,133.056814199757,"TVP-K"
15,130.796151410705,"TVP-K"
16,128.9520544687,"TVP-K"
17,132.416472367648,"TVP-K"
18,128.423323042991,"TVP-K"
19,130.586502958756,"TVP-K"
20,131.563628523032,"TVP-K"
21,132.267075389156,"TVP-K"
22,132.026412211104,"TVP-K"
23,131.632473354804,"TVP-K"
24,131.267758769405,"TVP-K"
25,132.317652154112,"TVP-K"
26,129.438965160385,"TVP-K"
27,128.105293916422,"TVP-K"
28,131.154805249443,"TVP-K"
29,130.926676786512,"TVP-K"
30,132.367124400351,"TVP-K"
31,128.465476348401,"TVP-K"
32,131.150530446858,"TVP-K"
33,129.704721158336,"TVP-K"
34,132.063669157506,"TVP-K"
35,133.176567785357,"TVP-K"
36,132.712652024943,"TVP-K"
37,129.08034204775,"TVP-K"
38,129.393982424062,"TVP-K"
39,129.884235964209,"TVP-K"
40,131.95103697067,"TVP-K"
41,129.562962774158,"TVP-K"
42,131.396282778766,"TVP-K"
43,133.025868143983,"TVP-K"
44,132.237907862976,"TVP-K"
45,133.849018047282,"TVP-K"
46,131.380505750126,"TVP-K"
47,131.691261255196,"TVP-K"
48,129.147437128595,"TVP-K"
49,132.512346022567,"TVP-K"
50,127.784467769172,"TVP-K"
51,128.605109257236,"TVP-K"
52,132.059773305717,"TVP-K"
53,129.505414476007,"TVP-K"
54,132.31532226628,"TVP-K"
55,128.963585503427,"TVP-K"
56,131.857382822459,"TVP-K"
57,128.208625402454,"TVP-K"
58,132.647813290482,"TVP-K"
59,128.219833123934,"TVP-K"
60,132.324167360123,"TVP-K"
61,131.888336767715,"TVP-K"
62,133.676932337387,"TVP-K"
63,136.526301330553,"TVP-K"
64,128.062781890979,"TVP-K"
65,130.785643992149,"TVP-K"
66,130.251326122821,"TVP-K"
67,130.299118121218,"TVP-K"
68,129.110588973673,"TVP-K"
69,132.816402621474,"TVP-K"
70,132.622067692161,"TVP-K"
71,133.143527253746,"TVP-K"
72,135.411136688635,"TVP-K"
73,128.560781989812,"TVP-K"
74,132.454529313788,"TVP-K"
75,131.2582021936,"TVP-K"
76,131.211216766349,"TVP-K"
77,130.558787170611,"TVP-K"
78,131.397357153597,"TVP-K"
79,133.705426106768,"TVP-K"
80,130.186662219534,"TVP-K"
81,131.231175884307,"TVP-K"
82,132.771781749613,"TVP-K"
83,132.799174916795,"TVP-K"
84,135.507281714454,"TVP-K"
85,131.397322528982,"TVP-K"
86,131.714147459595,"TVP-K"
87,128.687691201156,"TVP-K"
88,134.961046919829,"TVP-K"
89,133.769806919031,"TVP-K"
90,134.485114853479,"TVP-K"
91,130.670472845529,"TVP-K"
92,135.819148279463,"TVP-K"
93,131.440523904125,"TVP-K"
94,135.769883167905,"TVP-K"
95,132.899290745586,"TVP-K"
96,134.063228423831,"TVP-K"
97,133.551404930365,"TVP-K"
98,131.820458312455,"TVP-K"
99,133.168444595523,"TVP-K"
100,132.29643904502,"TVP-K"
101,131.227961716238,"TVP-K"
102,133.044127952405,"TVP-K"
103,131.536710636169,"TVP-K"
104,133.241346136778,"TVP-K"
105,133.523642603545,"TVP-K"
106,134.60476589735,"TVP-K"
107,131.37171395208,"TVP-K"
108,134.189681008617,"TVP-K"
109,132.81377577537,"TVP-K"
110,132.242013086807,"TVP-K"
111,135.131698386551,"TVP-K"
112,133.501656464338,"TVP-K"
113,131.207425742554,"TVP-K"
114,130.260434084597,"TVP-K"
115,133.576839836726,"TVP-K"
116,131.443252223433,"TVP-K"
117,136.611268279168,"TVP-K"
118,134.008607588882,"TVP-K"
119,127.338217581967,"TVP-K"
120,130.632847826751,"TVP-K"
121,130.224024809678,"TVP-K"
122,130.560189150436,"TVP-K"
123,129.243810414043,"TVP-K"
124,133.563729106476,"TVP-K"
125,133.571949896207,"TVP-K"
126,133.590870372672,"TVP-K"
127,135.042414421907,"TVP-K"
128,132.756560513002,"TVP-K"
129,135.579998815213,"TVP-K"
130,130.456366545982,"TVP-K"
131,131.578157324849,"TVP-K"
132,131.480844946536,"TVP-K"
133,132.307093696965,"TVP-K"
134,131.211673161167,"TVP-K"
135,134.01781682679,"TVP-K"
136,132.665004352943,"TVP-K"
137,134.944019773278,"TVP-K"
138,129.801036768657,"TVP-K"
139,130.096701819871,"TVP-K"
140,131.604565855272,"TVP-K"
141,131.341420955484,"TVP-K"
142,130.026869157535,"TVP-K"
143,133.63797815952,"TVP-K"
144,133.985574000417,"TVP-K"
145,135.062415500659,"TVP-K"
146,133.389994849772,"TVP-K"
147,133.02946803333,"TVP-K"
148,134.898184081594,"TVP-K"
149,131.846618171121,"TVP-K"
150,132.707117929018,"TVP-K"
151,133.168693099824,"TVP-K"
152,137.47083780794,"TVP-K"
153,133.655315639924,"TVP-K"
154,131.092951083617,"TVP-K"
155,133.600264515964,"TVP-K"
156,130.351903308399,"TVP-K"
157,130.518143406723,"TVP-K"
158,135.133867241883,"TVP-K"
159,130.533329988155,"TVP-K"
160,129.709757145544,"TVP-K"
161,132.080336676319,"TVP-K"
162,131.618048323943,"TVP-K"
163,133.340898356958,"TVP-K"
164,132.740878063057,"TVP-K"
165,138.47092740258,"TVP-K"
1,133.269432617681,"AR_1"
2,124.934080996611,"AR_1"
3,130.973626772895,"AR_1"
4,129.177490022865,"AR_1"
5,132.183964968649,"AR_1"
6,127.982057807076,"AR_1"
7,129.311616746986,"AR_1"
8,130.618286473603,"AR_1"
9,131.382896842258,"AR_1"
10,126.174896650614,"AR_1"
11,129.533990666475,"AR_1"
12,125.489188715708,"AR_1"
13,132.021302163945,"AR_1"
14,129.042937963088,"AR_1"
15,134.094164902406,"AR_1"
16,133.885547425314,"AR_1"
17,129.071303509002,"AR_1"
18,131.631032011777,"AR_1"
19,133.801347039317,"AR_1"
20,131.981320621979,"AR_1"
21,127.909003759796,"AR_1"
22,125.735696773258,"AR_1"
23,131.151105485866,"AR_1"
24,128.651457357948,"AR_1"
25,133.807121165547,"AR_1"
26,128.090461349498,"AR_1"
27,131.913819556788,"AR_1"
28,132.671474791566,"AR_1"
29,132.170303015974,"AR_1"
30,126.167864387411,"AR_1"
31,126.78939927427,"AR_1"
32,129.215743645794,"AR_1"
33,133.207579615864,"AR_1"
34,133.859581488583,"AR_1"
35,135.541610719168,"AR_1"
36,128.696909281556,"AR_1"
37,129.490334387377,"AR_1"
38,131.073035766384,"AR_1"
39,134.225156457853,"AR_1"
40,126.286651371475,"AR_1"
41,127.92981521367,"AR_1"
42,135.348392298925,"AR_1"
43,132.76582865029,"AR_1"
44,125.812286107578,"AR_1"
45,134.035214311547,"AR_1"
46,132.168721578953,"AR_1"
47,129.416077164223,"AR_1"
48,131.099317548158,"AR_1"
49,132.840296120885,"AR_1"
50,132.139435545361,"AR_1"
51,133.305198273437,"AR_1"
52,135.174122816416,"AR_1"
53,132.320593180665,"AR_1"
54,127.869016359741,"AR_1"
55,131.710685240884,"AR_1"
56,125.864832019352,"AR_1"
57,130.985226370308,"AR_1"
58,129.701922348934,"AR_1"
59,129.424448444068,"AR_1"
60,130.252388426125,"AR_1"
61,141.486920799548,"AR_1"
62,129.312906229547,"AR_1"
63,129.502955571538,"AR_1"
64,130.696685361579,"AR_1"
65,130.548623251545,"AR_1"
66,140.068881472396,"AR_1"
67,131.5961997576,"AR_1"
68,131.314729253929,"AR_1"
69,130.676794181779,"AR_1"
70,134.989672703759,"AR_1"
71,131.591477495519,"AR_1"
72,132.970198349448,"AR_1"
73,132.238195573375,"AR_1"
74,127.976068743561,"AR_1"
75,129.768272285896,"AR_1"
76,131.973138457889,"AR_1"
77,134.955321311141,"AR_1"
78,132.563675243943,"AR_1"
79,132.15813419128,"AR_1"
80,129.817895758459,"AR_1"
81,134.166888182448,"AR_1"
82,134.297003589647,"AR_1"
83,131.089367179591,"AR_1"
84,133.941576760592,"AR_1"
85,131.393419343664,"AR_1"
86,132.599140333123,"AR_1"
87,134.315725658217,"AR_1"
88,133.744639661574,"AR_1"
89,130.427207002451,"AR_1"
90,133.445947207193,"AR_1"
91,131.3566617366,"AR_1"
92,132.295354202785,"AR_1"
93,130.572245518158,"AR_1"
94,132.693205889691,"AR_1"
95,135.158445881135,"AR_1"
96,132.126260993418,"AR_1"
97,135.057308846354,"AR_1"
98,133.248334816056,"AR_1"
99,134.887606838361,"AR_1"
100,129.470592682901,"AR_1"
101,135.044334218953,"AR_1"
102,131.699070820233,"AR_1"
103,132.215853781411,"AR_1"
104,133.927185381875,"AR_1"
105,134.385025087511,"AR_1"
106,131.931349025781,"AR_1"
107,130.49200401889,"AR_1"
108,131.106935505281,"AR_1"
109,129.637581825332,"AR_1"
110,135.770320996578,"AR_1"
111,133.84818957016,"AR_1"
112,132.976733801075,"AR_1"
113,130.195493837806,"AR_1"
114,134.945409390112,"AR_1"
115,133.369085241298,"AR_1"
116,128.644587652879,"AR_1"
117,132.025963830147,"AR_1"
118,132.122019063138,"AR_1"
119,132.000810021408,"AR_1"
120,132.753080146089,"AR_1"
121,133.696398220681,"AR_1"
122,135.582551529686,"AR_1"
123,132.255947572965,"AR_1"
124,130.9463283962,"AR_1"
125,129.84930700423,"AR_1"
126,133.579380509642,"AR_1"
127,131.726734404463,"AR_1"
128,134.356011385682,"AR_1"
129,130.526982100565,"AR_1"
130,131.9746627592,"AR_1"
131,129.804360118893,"AR_1"
132,134.423033495785,"AR_1"
133,132.551854157161,"AR_1"
134,140.007565714349,"AR_1"
135,131.637438550372,"AR_1"
136,130.889342504383,"AR_1"
137,137.629698403518,"AR_1"
138,137.674272485084,"AR_1"
139,136.99493474655,"AR_1"
140,133.762759580283,"AR_1"
141,134.927586123546,"AR_1"
142,135.386019007114,"AR_1"
143,135.671122669987,"AR_1"
144,130.982141787178,"AR_1"
145,130.448243188364,"AR_1"
146,135.085116488222,"AR_1"
147,129.233426636218,"AR_1"
148,133.262107081053,"AR_1"
149,130.788600233562,"AR_1"
150,137.571144555507,"AR_1"
151,135.026527258215,"AR_1"
152,134.044551629657,"AR_1"
153,133.285678386543,"AR_1"
154,130.640335671055,"AR_1"
155,131.470549658142,"AR_1"
156,132.889629075855,"AR_1"
157,133.305306558578,"AR_1"
158,133.528502081301,"AR_1"
159,126.375906307606,"AR_1"
160,133.72749993831,"AR_1"
161,134.484666437482,"AR_1"
162,135.639577642206,"AR_1"
163,136.625468927788,"AR_1"
164,135.413257085509,"AR_1"
165,135.71458478774,"AR_1"
1,128.669607894461,"Lin_reg"
2,128.281276639904,"Lin_reg"
3,127.5802248029,"Lin_reg"
4,135.107444350365,"Lin_reg"
5,124.108172585856,"Lin_reg"
6,131.292634779124,"Lin_reg"
7,130.731520480956,"Lin_reg"
8,131.773470712928,"Lin_reg"
9,132.881176934957,"Lin_reg"
10,126.228271316564,"Lin_reg"
11,132.912881454506,"Lin_reg"
12,131.79519556799,"Lin_reg"
13,130.475985263373,"Lin_reg"
14,129.350435704031,"Lin_reg"
15,131.817819907101,"Lin_reg"
16,128.668217778868,"Lin_reg"
17,132.225127764559,"Lin_reg"
18,130.776796879763,"Lin_reg"
19,125.906928348607,"Lin_reg"
20,136.025574895746,"Lin_reg"
21,136.958702351353,"Lin_reg"
22,133.863821801048,"Lin_reg"
23,129.29783541744,"Lin_reg"
24,128.681632453402,"Lin_reg"
25,133.64431166326,"Lin_reg"
26,132.963301753028,"Lin_reg"
27,133.577767548218,"Lin_reg"
28,129.528296276118,"Lin_reg"
29,133.631536305185,"Lin_reg"
30,135.740477397588,"Lin_reg"
31,130.972492915868,"Lin_reg"
32,131.004699483954,"Lin_reg"
33,130.708355962452,"Lin_reg"
34,127.217310774243,"Lin_reg"
35,127.422096523499,"Lin_reg"
36,129.267847067946,"Lin_reg"
37,132.512867761656,"Lin_reg"
38,131.922438177281,"Lin_reg"
39,134.763356162116,"Lin_reg"
40,128.398595243462,"Lin_reg"
41,130.659114438284,"Lin_reg"
42,129.555185103627,"Lin_reg"
43,131.40440418864,"Lin_reg"
44,133.033396911193,"Lin_reg"
45,136.428322160433,"Lin_reg"
46,136.194283169176,"Lin_reg"
47,136.722430207975,"Lin_reg"
48,132.981322588216,"Lin_reg"
49,136.660634572078,"Lin_reg"
50,127.940419741244,"Lin_reg"
51,131.760572073418,"Lin_reg"
52,135.681004352105,"Lin_reg"
53,130.463723813495,"Lin_reg"
54,132.998714116181,"Lin_reg"
55,133.843996531399,"Lin_reg"
56,131.170202015511,"Lin_reg"
57,135.34765709258,"Lin_reg"
58,133.330670371414,"Lin_reg"
59,129.369142084547,"Lin_reg"
60,135.326241507396,"Lin_reg"
61,128.169359366561,"Lin_reg"
62,134.640589003264,"Lin_reg"
63,129.375660272517,"Lin_reg"
64,133.47661213525,"Lin_reg"
65,132.834778957838,"Lin_reg"
66,135.09929648571,"Lin_reg"
67,132.913690651809,"Lin_reg"
68,134.23501037363,"Lin_reg"
69,129.711004511533,"Lin_reg"
70,131.90071616481,"Lin_reg"
71,135.295127819265,"Lin_reg"
72,129.272917800379,"Lin_reg"
73,128.905714739886,"Lin_reg"
74,131.395965520053,"Lin_reg"
75,131.431571554969,"Lin_reg"
76,131.977102503025,"Lin_reg"
77,138.901303725153,"Lin_reg"
78,127.274218253458,"Lin_reg"
79,129.077766900134,"Lin_reg"
80,129.360577939056,"Lin_reg"
81,136.191580356007,"Lin_reg"
82,135.67999328448,"Lin_reg"
83,129.093477235655,"Lin_reg"
84,128.806227913875,"Lin_reg"
85,131.00481993226,"Lin_reg"
86,126.085140818042,"Lin_reg"
87,133.729455642888,"Lin_reg"
88,132.104026818337,"Lin_reg"
89,127.157432319122,"Lin_reg"
90,131.786704999582,"Lin_reg"
91,132.53424271479,"Lin_reg"
92,135.281283823959,"Lin_reg"
93,132.663567751114,"Lin_reg"
94,130.614663720446,"Lin_reg"
95,131.053725950907,"Lin_reg"
96,136.963090986035,"Lin_reg"
97,132.345839395614,"Lin_reg"
98,134.400326380818,"Lin_reg"
99,134.708070145227,"Lin_reg"
100,134.68828938879,"Lin_reg"
101,128.764248044094,"Lin_reg"
102,135.38966178059,"Lin_reg"
103,136.873974001136,"Lin_reg"
104,139.444780371988,"Lin_reg"
105,129.203707026771,"Lin_reg"
106,129.741364728386,"Lin_reg"
107,134.394054907161,"Lin_reg"
108,131.321919092664,"Lin_reg"
109,136.557954679408,"Lin_reg"
110,128.424474933621,"Lin_reg"
111,134.011805808222,"Lin_reg"
112,134.167107643619,"Lin_reg"
113,135.438020233911,"Lin_reg"
114,135.50502880416,"Lin_reg"
115,133.230199719779,"Lin_reg"
116,127.993939508171,"Lin_reg"
117,133.985535178976,"Lin_reg"
118,134.054288002578,"Lin_reg"
119,127.268616142989,"Lin_reg"
120,136.049966848957,"Lin_reg"
121,133.040770349921,"Lin_reg"
122,129.244277709317,"Lin_reg"
123,133.35954890055,"Lin_reg"
124,135.390174215394,"Lin_reg"
125,134.569011390278,"Lin_reg"
126,131.524233164104,"Lin_reg"
127,139.87725743811,"Lin_reg"
128,132.267566097049,"Lin_reg"
129,133.700359623959,"Lin_reg"
130,134.14473269604,"Lin_reg"
131,135.786938060192,"Lin_reg"
132,135.576054344883,"Lin_reg"
133,133.005118015279,"Lin_reg"
134,132.6232461458,"Lin_reg"
135,129.492027929436,"Lin_reg"
136,134.170375560208,"Lin_reg"
137,134.862856998979,"Lin_reg"
138,131.590248702408,"Lin_reg"
139,135.718790421812,"Lin_reg"
140,133.150030319424,"Lin_reg"
141,134.661213234541,"Lin_reg"
142,130.842585165861,"Lin_reg"
143,136.067435791438,"Lin_reg"
144,128.774710478855,"Lin_reg"
145,138.720134922062,"Lin_reg"
146,131.830332049079,"Lin_reg"
147,127.952648803121,"Lin_reg"
148,129.156468806582,"Lin_reg"
149,126.62287308659,"Lin_reg"
150,131.839131570943,"Lin_reg"
151,133.15741254263,"Lin_reg"
152,130.794028935592,"Lin_reg"
153,132.288110627368,"Lin_reg"
154,128.757075500524,"Lin_reg"
155,135.717569820622,"Lin_reg"
156,132.145698071234,"Lin_reg"
157,133.604602900107,"Lin_reg"
158,139.079054438437,"Lin_reg"
159,135.807141027485,"Lin_reg"
160,129.281141865785,"Lin_reg"
161,136.394956707176,"Lin_reg"
162,127.876304269158,"Lin_reg"
163,141.322380219999,"Lin_reg"
164,137.645878363557,"Lin_reg"
165,128.499363518287,"Lin_reg"
