"Models","Bootstrap_Replications","Minimum_Runtime_Sec","Median_Runtime_Sec","Mean_Runtime_Sec","Maximum_Runtime_Sec","Runs","Benchmark","Realized_Series","Data_Source","Protocol_Note"
5,199,0.0179999999998017,0.0185000000000173,0.0215499999999906,0.0519999999999072,20,"AR_1","HA","Observed AR_1-versus-competitor loss differentials","Median/minimum/mean/maximum of 20 full WRC+SPA+CPA battery runs; setup excluded from timing."
13,199,0.0190000000000055,0.0209999999999582,0.0251499999999965,0.09699999999998,20,"AR_1","HA","Observed AR_1-versus-competitor loss differentials","Median/minimum/mean/maximum of 20 full WRC+SPA+CPA battery runs; setup excluded from timing."
30,199,0.0259999999998399,0.0270000000000437,0.0293500000000108,0.0450000000000728,20,"AR_1","HA","Observed AR_1 loss differentials plus 17 synthetic AR(1)-perturbed series","Median/minimum/mean/maximum of 20 full WRC+SPA+CPA battery runs; setup excluded from timing."
5,999,0.0869999999999891,0.0919999999998709,0.0943499999999403,0.15099999999984,20,"AR_1","HA","Observed AR_1-versus-competitor loss differentials","Median/minimum/mean/maximum of 20 full WRC+SPA+CPA battery runs; setup excluded from timing."
13,999,0.104000000000042,0.108499999999935,0.110200000000009,0.13799999999992,20,"AR_1","HA","Observed AR_1-versus-competitor loss differentials","Median/minimum/mean/maximum of 20 full WRC+SPA+CPA battery runs; setup excluded from timing."
30,999,0.137000000000171,0.141000000000076,0.146950000000004,0.252999999999929,20,"AR_1","HA","Observed AR_1 loss differentials plus 17 synthetic AR(1)-perturbed series","Median/minimum/mean/maximum of 20 full WRC+SPA+CPA battery runs; setup excluded from timing."
5,4999,0.461000000000013,0.474499999999921,0.48549999999999,0.611999999999853,20,"AR_1","HA","Observed AR_1-versus-competitor loss differentials","Median/minimum/mean/maximum of 20 full WRC+SPA+CPA battery runs; setup excluded from timing."
13,4999,0.522999999999911,0.536000000000058,0.539750000000004,0.627999999999929,20,"AR_1","HA","Observed AR_1-versus-competitor loss differentials","Median/minimum/mean/maximum of 20 full WRC+SPA+CPA battery runs; setup excluded from timing."
30,4999,0.686999999999898,0.698000000000093,0.714450000000022,0.796000000000049,20,"AR_1","HA","Observed AR_1 loss differentials plus 17 synthetic AR(1)-perturbed series","Median/minimum/mean/maximum of 20 full WRC+SPA+CPA battery runs; setup excluded from timing."
