"Package","Version","Keyword","Export_Matches","Help_Matches","Audit_Date"
"RCtest","1.2.0","reality","reality_check_zp_test; white_reality_check; white_reality_check_cdf_approx; white_reality_check_conditional","RCtest::reality_check_zp_test; RCtest::white_reality_check; RCtest::white_reality_check_cdf_approx; RCtest::white_reality_check_conditional","2026-08-24"
"RCtest","1.2.0","white","white_reality_check; white_reality_check_cdf_approx; white_reality_check_conditional","RCtest::white_reality_check; RCtest::white_reality_check_cdf_approx; RCtest::white_reality_check_conditional","2026-08-24"
"RCtest","1.2.0","spa","","RCtest::superior_predictive_ability_test","2026-08-24"
"RCtest","1.2.0","superior","superior_predictive_ability_test","RCtest::superior_predictive_ability_test","2026-08-24"
"RCtest","1.2.0","conditional","white_reality_check_conditional","RCtest::compute_kupiec; RCtest::white_reality_check_conditional","2026-08-24"
"RCtest","1.2.0","cpa","","RCtest::white_reality_check_conditional","2026-08-24"
"RCtest","1.2.0","diebold","","RCtest::compute_per_model_statistics","2026-08-24"
"RCtest","1.2.0","mariano","","RCtest::compute_per_model_statistics","2026-08-24"
"RCtest","1.2.0","dm","","","2026-08-24"
"RCtest","1.2.0","crps","compute_crps","RCtest::compute_crps","2026-08-24"
"RCtest","1.2.0","score","","RCtest::compute_crps; RCtest::compute_klic","2026-08-24"
"RCtest","1.2.0","log","","RCtest::compute_klic","2026-08-24"
"RCtest","1.2.0","klic","compute_klic","RCtest::compute_klic; RCtest::kullback_leibler_test","2026-08-24"
"RCtest","1.2.0","density","plot_density_forecast","RCtest::plot_density_forecast","2026-08-24"
"RCtest","1.2.0","zp","compute_zp; reality_check_zp_test","RCtest::compute_zp; RCtest::reality_check_zp_test","2026-08-24"
"RCtest","1.2.0","var","estimate_forecast_variance; estimate_long_run_covariance","RCtest::compute_kupiec; RCtest::estimate_forecast_variance; RCtest::estimate_long_run_covariance","2026-08-24"
"RCtest","1.2.0","kupiec","compute_kupiec","RCtest::compute_kupiec","2026-08-24"
"RCtest","1.2.0","christoffersen","","","2026-08-24"
"RCtest","1.2.0","quantile","","RCtest::compute_zp; RCtest::reality_check_zp_test","2026-08-24"
"RCtest","1.2.0","backtest","","","2026-08-24"
"RCtest","1.2.0","expected","","RCtest::white_reality_check_cdf_approx","2026-08-24"
"RCtest","1.2.0","shortfall","","","2026-08-24"
"RCtest","1.2.0","es","estimate_forecast_variance; estimate_long_run_covariance; extract_and_flatten_results_aggregated; kullback_leibler_test; mbb_resample_data; reality_check_zp_test; superior_predictive_ability_test","RCtest::compute_klic; RCtest::compute_kupiec; RCtest::compute_per_model_statistics; RCtest::estimate_forecast_variance; RCtest::estimate_long_run_covariance; RCtest::extract_and_flatten_results_aggregated; RCtest::kullback_leibler_test; RCtest::mbb_resample_data; RCtest::metals; RCtest::plot_cumulative_loss; RCtest::reality_check_zp_test; RCtest::superior_predictive_ability_test; RCtest::white_reality_check_conditional","2026-08-24"
"RCtest","1.2.0","model","compute_per_model_statistics","RCtest::compute_per_model_statistics","2026-08-24"
"RCtest","1.2.0","confidence","","","2026-08-24"
"RCtest","1.2.0","mcs","","","2026-08-24"
"forecast","9.0.2","reality","","","2026-08-24"
"forecast","9.0.2","white","","forecast::checkresiduals","2026-08-24"
"forecast","9.0.2","spa","","forecast::bats; forecast::ets; forecast::tbats","2026-08-24"
"forecast","9.0.2","superior","","","2026-08-24"
"forecast","9.0.2","conditional","","","2026-08-24"
"forecast","9.0.2","cpa","","","2026-08-24"
"forecast","9.0.2","diebold","","forecast::dm.test","2026-08-24"
"forecast","9.0.2","mariano","","forecast::dm.test","2026-08-24"
"forecast","9.0.2","dm","baggedModel; dm.test; is.baggedModel","forecast::baggedModel; forecast::dm.test; forecast::forecast.baggedModel; forecast::getResponse; forecast::is.acf; forecast::JSS2008","2026-08-24"
"forecast","9.0.2","crps","","","2026-08-24"
"forecast","9.0.2","score","","","2026-08-24"
"forecast","9.0.2","log","","","2026-08-24"
"forecast","9.0.2","klic","","","2026-08-24"
"forecast","9.0.2","density","","forecast::gghistogram","2026-08-24"
"forecast","9.0.2","zp","","","2026-08-24"
"forecast","9.0.2","var","CVar","forecast::Arima; forecast::auto.arima; forecast::autoplot.mforecast; forecast::CVar; forecast::getResponse; forecast::residuals.forecast; forecast::seasonaldummy","2026-08-24"
"forecast","9.0.2","kupiec","","","2026-08-24"
"forecast","9.0.2","christoffersen","","","2026-08-24"
"forecast","9.0.2","quantile","","","2026-08-24"
"forecast","9.0.2","backtest","","","2026-08-24"
"forecast","9.0.2","expected","","","2026-08-24"
"forecast","9.0.2","shortfall","","","2026-08-24"
"forecast","9.0.2","es","checkresiduals; dm.test; getResponse; ggsubseriesplot; ocsb.test; ses","forecast::accuracy.forecast; forecast::Acf; forecast::arfima; forecast::Arima; forecast::arima.errors; forecast::arimaorder; forecast::auto.arima; forecast::autolayer.mts; forecast::autoplot.acf; forecast::autoplot.decomposed.ts; forecast::autoplot.mforecast; forecast::baggedModel; forecast::bats; forecast::bizdays; forecast::bld.mbb.bootstrap; forecast::BoxCox; forecast::BoxCox.lambda; forecast::checkresiduals; forecast::CVar; forecast::dm.test; forecast::dshw; forecast::easter; forecast::ets; forecast::findfrequency; forecast::fitted.ARFIMA; forecast::forecast-package; forecast::forecast.baggedModel; forecast::forecast.bats; forecast::forecast.croston_model; forecast::forecast.ets; forecast::forecast.fracdiff; forecast::forecast.HoltWinters; forecast::forecast.lm; forecast::forecast.mean_model; forecast::forecast.mlm; forecast::forecast.modelAR; forecast::forecast.mts; forecast::forecast.nnetar; forecast::forecast.rw_model; forecast::forecast.spline_model; forecast::forecast.stl; forecast::forecast.StructTS; forecast::forecast.theta_model; forecast::forecast.ts; forecast::fourier; forecast::getResponse; forecast::gglagplot; forecast::ggmonthplot; forecast::ggseasonplot; forecast::ggtsdisplay; forecast::gold; forecast::JSS2008; forecast::ma; forecast::mean_model; forecast::modelAR; forecast::modeldf; forecast::monthdays; forecast::msts; forecast::na.interp; forecast::ndiffs; forecast::nnetar; forecast::nsdiffs; forecast::ocsb.test; forecast::plot.forecast; forecast::reexports; forecast::residuals.forecast; forecast::seasadj; forecast::seasonal; forecast::seasonaldummy; forecast::ses; forecast::simulate.ets; forecast::sindexf; forecast::spline_model; forecast::stlm; forecast::subset.ts; forecast::tbats; forecast::tbats.components; forecast::theta_model; forecast::tsclean; forecast::tsCV; forecast::tslm; forecast::tsoutliers; forecast::wineind","2026-08-24"
"forecast","9.0.2","model","baggedModel; croston_model; is.baggedModel; is.modelAR; is.nnetarmodels; mean_model; modelAR; modeldf; rw_model; spline_model; theta_model","forecast::accuracy.forecast; forecast::arfima; forecast::Arima; forecast::arima.errors; forecast::arimaorder; forecast::auto.arima; forecast::baggedModel; forecast::bats; forecast::checkresiduals; forecast::croston_model; forecast::CV; forecast::CVar; forecast::ets; forecast::fitted.ARFIMA; forecast::forecast-package; forecast::forecast.baggedModel; forecast::forecast.bats; forecast::forecast.croston_model; forecast::forecast.ets; forecast::forecast.fracdiff; forecast::forecast.lm; forecast::forecast.mean_model; forecast::forecast.mlm; forecast::forecast.modelAR; forecast::forecast.nnetar; forecast::forecast.rw_model; forecast::forecast.spline_model; forecast::forecast.StructTS; forecast::forecast.theta_model; forecast::fourier; forecast::getResponse; forecast::is.acf; forecast::mean_model; forecast::modelAR; forecast::modeldf; forecast::nnetar; forecast::plot.Arima; forecast::plot.bats; forecast::plot.ets; forecast::residuals.forecast; forecast::rw_model; forecast::simulate.ets; forecast::spline_model; forecast::stlm; forecast::tbats; forecast::tbats.components; forecast::theta_model; forecast::tslm","2026-08-24"
"forecast","9.0.2","confidence","","","2026-08-24"
"forecast","9.0.2","mcs","","","2026-08-24"
"MCS","0.2.0","reality","","","2026-08-24"
"MCS","0.2.0","white","","","2026-08-24"
"MCS","0.2.0","spa","","","2026-08-24"
"MCS","0.2.0","superior","","","2026-08-24"
"MCS","0.2.0","conditional","","","2026-08-24"
"MCS","0.2.0","cpa","","","2026-08-24"
"MCS","0.2.0","diebold","","","2026-08-24"
"MCS","0.2.0","mariano","","","2026-08-24"
"MCS","0.2.0","dm","","","2026-08-24"
"MCS","0.2.0","crps","","","2026-08-24"
"MCS","0.2.0","score","","","2026-08-24"
"MCS","0.2.0","log","","","2026-08-24"
"MCS","0.2.0","klic","","","2026-08-24"
"MCS","0.2.0","density","","","2026-08-24"
"MCS","0.2.0","zp","","","2026-08-24"
"MCS","0.2.0","var","LossVaR","MCS::LossVaR","2026-08-24"
"MCS","0.2.0","kupiec","","","2026-08-24"
"MCS","0.2.0","christoffersen","","","2026-08-24"
"MCS","0.2.0","quantile","","","2026-08-24"
"MCS","0.2.0","backtest","","","2026-08-24"
"MCS","0.2.0","expected","","","2026-08-24"
"MCS","0.2.0","shortfall","","","2026-08-24"
"MCS","0.2.0","es","","","2026-08-24"
"MCS","0.2.0","model","","","2026-08-24"
"MCS","0.2.0","confidence","","","2026-08-24"
"MCS","0.2.0","mcs","MCSprocedure","MCS::MCSprocedure","2026-08-24"
"esback","0.3.1","reality","","","2026-08-24"
"esback","0.3.1","white","","","2026-08-24"
"esback","0.3.1","spa","","","2026-08-24"
"esback","0.3.1","superior","","","2026-08-24"
"esback","0.3.1","conditional","","esback::cc_backtest","2026-08-24"
"esback","0.3.1","cpa","","","2026-08-24"
"esback","0.3.1","diebold","","","2026-08-24"
"esback","0.3.1","mariano","","","2026-08-24"
"esback","0.3.1","dm","","","2026-08-24"
"esback","0.3.1","crps","","","2026-08-24"
"esback","0.3.1","score","","","2026-08-24"
"esback","0.3.1","log","","","2026-08-24"
"esback","0.3.1","klic","","","2026-08-24"
"esback","0.3.1","density","","","2026-08-24"
"esback","0.3.1","zp","","","2026-08-24"
"esback","0.3.1","var","","","2026-08-24"
"esback","0.3.1","kupiec","","","2026-08-24"
"esback","0.3.1","christoffersen","","","2026-08-24"
"esback","0.3.1","quantile","","","2026-08-24"
"esback","0.3.1","backtest","cc_backtest; er_backtest; esr_backtest","esback::cc_backtest; esback::er_backtest; esback::esback; esback::esr_backtest","2026-08-24"
"esback","0.3.1","expected","","esback::esback; esback::esr_backtest","2026-08-24"
"esback","0.3.1","shortfall","","esback::esback; esback::esr_backtest","2026-08-24"
"esback","0.3.1","es","cc_backtest; er_backtest; esr_backtest","esback::cc_backtest; esback::er_backtest; esback::esback; esback::esr_backtest","2026-08-24"
"esback","0.3.1","model","","","2026-08-24"
"esback","0.3.1","confidence","","","2026-08-24"
"esback","0.3.1","mcs","","","2026-08-24"
"scoringRules","1.1.3","reality","","","2026-08-24"
"scoringRules","1.1.3","white","","","2026-08-24"
"scoringRules","1.1.3","spa","","","2026-08-24"
"scoringRules","1.1.3","superior","","","2026-08-24"
"scoringRules","1.1.3","conditional","","","2026-08-24"
"scoringRules","1.1.3","cpa","","","2026-08-24"
"scoringRules","1.1.3","diebold","","","2026-08-24"
"scoringRules","1.1.3","mariano","","","2026-08-24"
"scoringRules","1.1.3","dm","","","2026-08-24"
"scoringRules","1.1.3","crps","crps; crps_2pexp; crps_2pnorm; crps_beta; crps_binom; crps_clogis; crps_cnorm; crps_ct; crps_exp; crps_expM; crps_gamma; crps_gev; crps_gpd; crps_gtclogis; crps_gtcnorm; crps_gtct; crps_hyper; crps_lapl; crps_llapl; crps_llogis; crps_lnorm; crps_logis; crps_mixnorm; crps_mixnorm_int; crps_nbinom; crps_norm; crps_pois; crps_sample; crps_t; crps_tlogis; crps_tnorm; crps_tt; crps_unif; crps.numeric; gradcrps_clogis; gradcrps_cnorm; gradcrps_ct; gradcrps_logis; gradcrps_norm; gradcrps_t; gradcrps_tlogis; gradcrps_tnorm; gradcrps_tt; hesscrps_clogis; hesscrps_cnorm; hesscrps_ct; hesscrps_logis; hesscrps_norm; hesscrps_t; hesscrps_tlogis; hesscrps_tnorm; hesscrps_tt; owcrps_sample; twcrps_sample","scoringRules::crps.numeric; scoringRules::scores; scoringRules::scores_2pexp; scoringRules::scores_2pnorm; scoringRules::scores_beta; scoringRules::scores_binom; scoringRules::scores_exp; scoringRules::scores_gamma; scoringRules::scores_gev; scoringRules::scores_gpd; scoringRules::scores_hyper; scoringRules::scores_lapl; scoringRules::scores_llapl; scoringRules::scores_llogis; scoringRules::scores_lnorm; scoringRules::scores_logis; scoringRules::scores_mixnorm; scoringRules::scores_nbinom; scoringRules::scores_norm; scoringRules::scores_pois; scoringRules::scores_sample_univ; scoringRules::scores_sample_univ_weighted; scoringRules::scores_t; scoringRules::scores_unif","2026-08-24"
"scoringRules","1.1.3","score","","scoringRules::article; scoringRules::article_weighted_scores; scoringRules::crps.numeric; scoringRules::logs.numeric; scoringRules::rps_probs; scoringRules::scores; scoringRules::scores_2pexp; scoringRules::scores_2pnorm; scoringRules::scores_beta; scoringRules::scores_binom; scoringRules::scores_exp; scoringRules::scores_gamma; scoringRules::scores_gev; scoringRules::scores_gpd; scoringRules::scores_hyper; scoringRules::scores_lapl; scoringRules::scores_llapl; scoringRules::scores_llogis; scoringRules::scores_lnorm; scoringRules::scores_logis; scoringRules::scores_mixnorm; scoringRules::scores_moments; scoringRules::scores_nbinom; scoringRules::scores_norm; scoringRules::scores_pois; scoringRules::scores_quantiles; scoringRules::scores_sample_multiv; scoringRules::scores_sample_multiv_weighted; scoringRules::scores_sample_univ; scoringRules::scores_sample_univ_weighted; scoringRules::scores_t; scoringRules::scores_unif","2026-08-24"
"scoringRules","1.1.3","log","clogs_sample; crps_clogis; crps_gtclogis; crps_llogis; crps_logis; crps_tlogis; dss_llogis; dss_logis; fllogis; flogis; gradcrps_clogis; gradcrps_logis; gradcrps_tlogis; hesscrps_clogis; hesscrps_logis; hesscrps_tlogis; logs; logs_2pexp; logs_2pnorm; logs_beta; logs_binom; logs_exp; logs_exp2; logs_gamma; logs_gev; logs_gpd; logs_hyper; logs_lapl; logs_llapl; logs_llogis; logs_lnorm; logs_logis; logs_mixnorm; logs_nbinom; logs_norm; logs_pois; logs_sample; logs_t; logs_tlogis; logs_tnorm; logs_tt; logs_unif; logs.numeric","scoringRules::fexp; scoringRules::fllapl; scoringRules::logs.numeric; scoringRules::scores; scoringRules::scores_2pexp; scoringRules::scores_2pnorm; scoringRules::scores_beta; scoringRules::scores_binom; scoringRules::scores_exp; scoringRules::scores_gamma; scoringRules::scores_gev; scoringRules::scores_gpd; scoringRules::scores_hyper; scoringRules::scores_lapl; scoringRules::scores_llapl; scoringRules::scores_llogis; scoringRules::scores_lnorm; scoringRules::scores_logis; scoringRules::scores_mixnorm; scoringRules::scores_nbinom; scoringRules::scores_norm; scoringRules::scores_pois; scoringRules::scores_sample_univ; scoringRules::scores_sample_univ_weighted; scoringRules::scores_t; scoringRules::scores_unif","2026-08-24"
"scoringRules","1.1.3","klic","","","2026-08-24"
"scoringRules","1.1.3","density","","","2026-08-24"
"scoringRules","1.1.3","zp","","","2026-08-24"
"scoringRules","1.1.3","var","","scoringRules::fexp; scoringRules::scores_sample_multiv; scoringRules::scores_sample_multiv_weighted","2026-08-24"
"scoringRules","1.1.3","kupiec","","","2026-08-24"
"scoringRules","1.1.3","christoffersen","","","2026-08-24"
"scoringRules","1.1.3","quantile","ints_quantiles; qs_quantiles","scoringRules::scores_quantiles","2026-08-24"
"scoringRules","1.1.3","backtest","","","2026-08-24"
"scoringRules","1.1.3","expected","","","2026-08-24"
"scoringRules","1.1.3","shortfall","","","2026-08-24"
"scoringRules","1.1.3","es","es_sample; ess_moments; hesscrps_clogis; hesscrps_cnorm; hesscrps_ct; hesscrps_logis; hesscrps_norm; hesscrps_t; hesscrps_tlogis; hesscrps_tnorm; hesscrps_tt; ints_quantiles; owes_sample; qs_quantiles; run_casestudy; twes_sample","scoringRules::ar_ms; scoringRules::article; scoringRules::article_weighted_scores; scoringRules::plot.casestudy; scoringRules::print.casestudy; scoringRules::run_casestudy; scoringRules::scores; scoringRules::scores_2pexp; scoringRules::scores_2pnorm; scoringRules::scores_beta; scoringRules::scores_binom; scoringRules::scores_exp; scoringRules::scores_gamma; scoringRules::scores_gev; scoringRules::scores_gpd; scoringRules::scores_hyper; scoringRules::scores_lapl; scoringRules::scores_llapl; scoringRules::scores_llogis; scoringRules::scores_lnorm; scoringRules::scores_logis; scoringRules::scores_mixnorm; scoringRules::scores_moments; scoringRules::scores_nbinom; scoringRules::scores_norm; scoringRules::scores_pois; scoringRules::scores_quantiles; scoringRules::scores_sample_multiv; scoringRules::scores_sample_multiv_weighted; scoringRules::scores_sample_univ; scoringRules::scores_sample_univ_weighted; scoringRules::scores_t; scoringRules::scores_unif; scoringRules::summary.casestudy","2026-08-24"
"scoringRules","1.1.3","model","","scoringRules::ar_ms","2026-08-24"
"scoringRules","1.1.3","confidence","","","2026-08-24"
"scoringRules","1.1.3","mcs","run_mcstudy","scoringRules::plot.mcstudy; scoringRules::print.mcstudy; scoringRules::run_mcstudy; scoringRules::summary.mcstudy","2026-08-24"
"ForeComp","1.0.0","reality","","","2026-08-24"
"ForeComp","1.0.0","white","","","2026-08-24"
"ForeComp","1.0.0","spa","","","2026-08-24"
"ForeComp","1.0.0","superior","","","2026-08-24"
"ForeComp","1.0.0","conditional","","","2026-08-24"
"ForeComp","1.0.0","cpa","","","2026-08-24"
"ForeComp","1.0.0","diebold","","ForeComp::dm.test.bt; ForeComp::dm.test.bt.fb; ForeComp::dm.test.ewc.fb; ForeComp::dm.test.r; ForeComp::dm.test.r.m; ForeComp::dm.test.wpe.fb; ForeComp::Plot_Tradeoff","2026-08-24"
"ForeComp","1.0.0","mariano","","ForeComp::dm.test.bt; ForeComp::dm.test.bt.fb; ForeComp::dm.test.ewc.fb; ForeComp::dm.test.r; ForeComp::dm.test.r.m; ForeComp::dm.test.wpe.fb; ForeComp::Plot_Tradeoff","2026-08-24"
"ForeComp","1.0.0","dm","dm.test.bt; dm.test.bt.fb; dm.test.cnr.t; dm.test.cnr.w; dm.test.ewc.fb; dm.test.im; dm.test.r; dm.test.r.m; dm.test.wpe.fb","ForeComp::dm.test.bt; ForeComp::dm.test.bt.fb; ForeComp::dm.test.cnr.t; ForeComp::dm.test.cnr.w; ForeComp::dm.test.ewc.fb; ForeComp::dm.test.im; ForeComp::dm.test.r; ForeComp::dm.test.r.m; ForeComp::dm.test.wpe.fb","2026-08-24"
"ForeComp","1.0.0","crps","","","2026-08-24"
"ForeComp","1.0.0","score","","","2026-08-24"
"ForeComp","1.0.0","log","","","2026-08-24"
"ForeComp","1.0.0","klic","","","2026-08-24"
"ForeComp","1.0.0","density","","","2026-08-24"
"ForeComp","1.0.0","zp","","","2026-08-24"
"ForeComp","1.0.0","var","","","2026-08-24"
"ForeComp","1.0.0","kupiec","","","2026-08-24"
"ForeComp","1.0.0","christoffersen","","","2026-08-24"
"ForeComp","1.0.0","quantile","","","2026-08-24"
"ForeComp","1.0.0","backtest","","","2026-08-24"
"ForeComp","1.0.0","expected","","","2026-08-24"
"ForeComp","1.0.0","shortfall","","","2026-08-24"
"ForeComp","1.0.0","es","dm.test.bt; dm.test.bt.fb; dm.test.cnr.t; dm.test.cnr.w; dm.test.ewc.fb; dm.test.im; dm.test.r; dm.test.r.m; dm.test.wpe.fb","ForeComp::dm.test.bt; ForeComp::dm.test.bt.fb; ForeComp::dm.test.cnr.t; ForeComp::dm.test.cnr.w; ForeComp::dm.test.ewc.fb; ForeComp::dm.test.im; ForeComp::dm.test.r; ForeComp::dm.test.r.m; ForeComp::dm.test.wpe.fb; ForeComp::PGDP; ForeComp::Plot_Tradeoff; ForeComp::RGDP","2026-08-24"
"ForeComp","1.0.0","model","","","2026-08-24"
"ForeComp","1.0.0","confidence","","","2026-08-24"
"ForeComp","1.0.0","mcs","","","2026-08-24"
"GAS","0.3.4.1","reality","","","2026-08-24"
"GAS","0.3.4.1","white","","","2026-08-24"
"GAS","0.3.4.1","spa","","","2026-08-24"
"GAS","0.3.4.1","superior","","","2026-08-24"
"GAS","0.3.4.1","conditional","","GAS::PIT_test","2026-08-24"
"GAS","0.3.4.1","cpa","","","2026-08-24"
"GAS","0.3.4.1","diebold","","","2026-08-24"
"GAS","0.3.4.1","mariano","","","2026-08-24"
"GAS","0.3.4.1","dm","","","2026-08-24"
"GAS","0.3.4.1","crps","","","2026-08-24"
"GAS","0.3.4.1","score","LogScore; Score_Multi; Score_Uni","GAS::distributions; GAS::GAS-package; GAS::Goals; GAS::mGASFor; GAS::mGASRoll; GAS::uGASFor; GAS::uGASRoll","2026-08-24"
"GAS","0.3.4.1","log","LogScore","GAS::cpichg; GAS::dji30ret; GAS::mGASFor; GAS::mGASRoll; GAS::sp500ret; GAS::StockIndices; GAS::uGASFor; GAS::uGASRoll","2026-08-24"
"GAS","0.3.4.1","klic","","","2026-08-24"
"GAS","0.3.4.1","density","BacktestDensity","GAS::BacktestDensity","2026-08-24"
"GAS","0.3.4.1","zp","","","2026-08-24"
"GAS","0.3.4.1","var","BacktestVaR","GAS::BacktestVaR; GAS::mGASFit; GAS::mGASFor; GAS::mGASRoll; GAS::mGASSim; GAS::mGASSpec; GAS::MultiGASFit; GAS::MultiGASFor; GAS::MultiGASRoll; GAS::MultiGASSim; GAS::MultiGASSpec; GAS::MultiMapParameters; GAS::uGASFit; GAS::uGASFor; GAS::uGASRoll; GAS::uGASSim; GAS::uGASSpec; GAS::UniGASFit; GAS::UniGASFor; GAS::UniGASRoll; GAS::UniGASSim; GAS::UniGASSpec; GAS::UniMapParameters; GAS::UniUnmapParameters","2026-08-24"
"GAS","0.3.4.1","kupiec","","","2026-08-24"
"GAS","0.3.4.1","christoffersen","","","2026-08-24"
"GAS","0.3.4.1","quantile","quantile; Quantiles","GAS::distributions; GAS::uGASFit; GAS::uGASFor; GAS::uGASRoll; GAS::uGASSim","2026-08-24"
"GAS","0.3.4.1","backtest","BacktestDensity; BacktestVaR","GAS::BacktestDensity; GAS::BacktestVaR","2026-08-24"
"GAS","0.3.4.1","expected","","GAS::FZLoss","2026-08-24"
"GAS","0.3.4.1","shortfall","","GAS::FZLoss","2026-08-24"
"GAS","0.3.4.1","es","BacktestDensity; BacktestVaR; ES; PIT_test; Quantiles; residuals","GAS::BacktestDensity; GAS::BacktestVaR; GAS::distributions; GAS::dji30ret; GAS::GAS-package; GAS::Goals; GAS::mGASFit; GAS::mGASFor; GAS::mGASRoll; GAS::mGASSim; GAS::mGASSpec; GAS::MultiGASFit; GAS::MultiGASSim; GAS::PIT_test; GAS::sp500rv; GAS::StockIndices; GAS::uGASFit; GAS::uGASFor; GAS::uGASRoll; GAS::uGASSim; GAS::uGASSpec; GAS::UniGASFit; GAS::UniGASSim","2026-08-24"
"GAS","0.3.4.1","model","","GAS::GAS-package; GAS::mGASSpec; GAS::MultiGASFit; GAS::MultiGASFor; GAS::MultiGASRoll; GAS::uGASSpec; GAS::UniGASFit; GAS::UniGASFor; GAS::UniGASRoll","2026-08-24"
"GAS","0.3.4.1","confidence","ConfidenceBands","GAS::ConfidenceBands","2026-08-24"
"GAS","0.3.4.1","mcs","","","2026-08-24"
"ExactVaRTest","0.1.3","reality","","","2026-08-24"
"ExactVaRTest","0.1.3","white","","","2026-08-24"
"ExactVaRTest","0.1.3","spa","","","2026-08-24"
"ExactVaRTest","0.1.3","superior","","","2026-08-24"
"ExactVaRTest","0.1.3","conditional","","","2026-08-24"
"ExactVaRTest","0.1.3","cpa","","","2026-08-24"
"ExactVaRTest","0.1.3","diebold","","","2026-08-24"
"ExactVaRTest","0.1.3","mariano","","","2026-08-24"
"ExactVaRTest","0.1.3","dm","","","2026-08-24"
"ExactVaRTest","0.1.3","crps","","","2026-08-24"
"ExactVaRTest","0.1.3","score","","","2026-08-24"
"ExactVaRTest","0.1.3","log","","","2026-08-24"
"ExactVaRTest","0.1.3","klic","","","2026-08-24"
"ExactVaRTest","0.1.3","density","","","2026-08-24"
"ExactVaRTest","0.1.3","zp","","","2026-08-24"
"ExactVaRTest","0.1.3","var","","ExactVaRTest::backtest_lr; ExactVaRTest::ExactVaRTest-intro; ExactVaRTest::ExactVaRTest-package; ExactVaRTest::print.ExactVaRBacktest; ExactVaRTest::print.ExactVaRBacktestAll","2026-08-24"
"ExactVaRTest","0.1.3","kupiec","","","2026-08-24"
"ExactVaRTest","0.1.3","christoffersen","","ExactVaRTest::lr_cc_stat; ExactVaRTest::lr_ind_stat; ExactVaRTest::lr_uc_stat","2026-08-24"
"ExactVaRTest","0.1.3","quantile","","","2026-08-24"
"ExactVaRTest","0.1.3","backtest","backtest_all; backtest_lr","ExactVaRTest::backtest_all; ExactVaRTest::backtest_lr; ExactVaRTest::print.ExactVaRBacktest; ExactVaRTest::print.ExactVaRBacktestAll","2026-08-24"
"ExactVaRTest","0.1.3","expected","","","2026-08-24"
"ExactVaRTest","0.1.3","shortfall","","","2026-08-24"
"ExactVaRTest","0.1.3","es","backtest_all; backtest_lr","ExactVaRTest::backtest_all; ExactVaRTest::backtest_lr; ExactVaRTest::ExactVaRTest-intro; ExactVaRTest::ExactVaRTest-package; ExactVaRTest::print.ExactVaRBacktest; ExactVaRTest::print.ExactVaRBacktestAll","2026-08-24"
"ExactVaRTest","0.1.3","model","","","2026-08-24"
"ExactVaRTest","0.1.3","confidence","","","2026-08-24"
"ExactVaRTest","0.1.3","mcs","","","2026-08-24"
