"BDMM-SS","BDMM-NR","BDMM-K","DMA","DMS","DMA-K","B-LASSO","B-RIDGE","BMA","BMS","TVP-REG","TVP-K","AR_1","Lin_reg","HA"
0,0,0,0,0,0,0,0,0,0,0,0,0,0,0
0.544451224186625,0.612023058141984,0.53444293412238,0.541676099158638,0.58344354174595,0.514927658081453,0.690020780668221,0.747581243593213,0.552524216271221,0.594961929016069,0.425589465903297,0.562885310144105,0,0.439780573400476,1
0.0448173216349773,0.0511464559331431,0.0675597101755572,0.0739030178241314,0.05578297489342,0.0709037651387218,0.0463922641185063,0.0615516002011431,0.0360002247508947,0.0177945570486928,0.0826324242964383,0.0262575024448637,0,0.120096488654033,0
0.0726498971612764,0.0581128525797013,0.0690306584196403,0.0489914656893311,0.0798795460866454,0.032542380380826,0.0565916558477233,0.0388708891330033,0.00487830511132983,0.0851025478196621,0.0906457686179774,0.164430045964978,0,0.000616343390024691,0
0.0564528905492712,0.0427349870792531,0.0471865496506156,0.0300339346103319,0.114141772763851,0.0459216871724101,0.0444076753704055,0.0592020614115017,0.0590952758573887,0.0475015787353092,0.0384475514531539,0.0977036321431497,0,0.33632003608227,0
0.0598235102578592,0.0462541662308161,0.0189650269686407,0.0273691572436197,0.0369737262195999,0.0369271945159307,0.0332876177450599,0.00867959382470827,0.0166866903882809,0.069779697822422,0.0099078069650412,0.12116101171525,0,0.0180892442053177,0
0.0445577665902017,0.0277049464242832,0.0181551042175257,0.0277729393950743,0.0232836341828263,0.0216272871328218,0.0259919631438503,0.0135230680908754,0.0184638553737821,0.0706668255156541,0.0269979685157896,0.050290291661732,0,0.024685448743762,0
0.0454110785985132,0.0193362691834033,0.0200368260897032,0.0172519715351753,0.0258842006792403,0.024294664875755,0.01897815977095,0.00816847714269648,0.0188062446569344,0.0161742285070385,0.0525285237075069,0.089388975003552,0,0.010145890112587,0
0.0283646381810855,0.0200310719756386,0.0201226446497825,0.0338946519528094,0.0443642297085223,0.0285663198853614,0.0371237800008203,0.0533428749448196,0.00633218817730091,0.0146550452573108,0.0275699661282479,0.0562436253031275,0,0.00432575521308294,0
0.0329255374447037,0.0178003542198325,0.0317328619320315,0.0123598359472863,0.0296084976646139,0.0029486367117953,0.00842034088601872,0.015942579223461,0.0142618136395697,0.0214158646650059,0.0457637823051703,0.011791316197741,0,0.183888245016953,0
0.0189047030019754,0.00987021894129005,0.0135554873334514,0.0079270383397898,0.0113251754047592,0.0229270265154651,0.00360365305551035,0.00349761709804048,0.0157564801367859,0.0163626208774311,0.0337503690422325,0.00566106666419905,0,0.00617647861335344,0
0.0171435677305809,0.0205839915242298,0.00845337843900675,0.0130002212371551,0.0112359777449946,0.00360160591403112,0.0157169653033677,0.0323292602317084,0.00790775993064803,0.015060581690585,0.0624562951696225,0.166647401325291,0,0.0106029223302882,0
0.0211728435960084,0.0115452846358402,0.0118711030658814,0.0159996480776173,0.0141946128193271,0.00767693248264679,0.0104092476056458,0.0337593317023514,0.0234617095148177,0.0139834522309409,0.0207462376374015,0.107261556083258,0,0.0257181753107368,0
0.0276665359062752,0.00967459501074351,0.0089965976520156,0.0145402996218002,0.0217733113348251,0.00298546506354586,0.0125966104932171,0.0143307250126932,0.00117887308039419,0.0157178819082257,0.033570440397387,0.00935685979006006,0,0.0450105676286394,0
0.0192981172951661,0.024709894830551,0.0130605271083145,0.00810561236427587,0.0175789639188402,0.0114792462493218,0.0145203874271553,0.0220081192206996,0.00123405618017796,0.0581282486893079,0.0574795547646545,0.0294138227504449,0,0.00899438504205585,0
0.00785547400939669,0.0269012972284139,0.00642537935200587,0.0196710136806728,0.0265765848588439,0.00929008804768736,0.0067281507157045,0.00295491838025655,0.0241040780884103,0.0884210336742051,0.0151295075518231,0.0691356846831124,0,0.0628579712174888,0
0.00746182716078733,0.00577866271257926,0.00400245095971301,0.0123364545281306,0.0107427766064974,0.0124537531137384,0.00882217569359192,0.0101911190321922,0.0575254057541994,0.0469527274542819,0.0066830685786808,0.010352106162286,0,0.00601430919660189,0
0.0121764009413036,0.012267718344244,0.0178260632170922,0.0216198816914998,0.00994101765801767,0.0225794515235035,0.0216226080722043,0.00946644385790708,0.00102580379191003,0.00398463363401165,0.0176884535864406,0.0804013700420829,0,0.016179855398186,0
0.0232162647345595,0.00355637794709612,0.00442601097235348,0.00956372740204373,0.0122972432385546,0.01056386858958,0.00988115770699592,0.0282194621087056,0.00663735731170786,0.0422685805988326,0.0184075092589747,0.0275032424461523,0,0.202359272501777,0
0.012238173508395,0.0101958622074149,0.00714133320721488,0.00853886428678301,0.0113270648751605,0.0135211529118565,0.00275735382502938,0.0044128447980318,0.0437538864416863,0.00761307191049436,0.0178494245047923,0.0153636733685978,0,0.000272757750513305,0
0.0312500458779187,0.0120069158097284,0.00732252086131265,0.00782458676800882,0.056579022995641,0.012892580670092,0.00552625270444625,0.0028483295660818,0.0260929855564889,0.00590753087169696,0.00303739606180648,0.0088372742663038,0,0.000117799659976655,0
0.003857822687305,0.0235107584456496,0.00935043163944133,0.00825068701184085,0.0102494315121593,0.00528269981010161,0.0057966661983549,0.0250738618848771,0.0310235684743811,0.0103969300272269,0.00276633370365682,0.0091719565990258,0,0.00208854450896895,0
0.00840409184178112,0.015555327262514,0.0157503700551104,0.0245806219533182,0.015576995285737,0.00993703968255218,0.0101391405512173,0.000798005420279582,0.00815315584785281,0.00892387664401267,0.00857776930368448,0.0114315737680838,0,0.0413640346927628,0
0.00452237948608063,0.02016278388574,0.0188519434187665,0.0170398276394689,0.0288137981614834,0.100233937303642,0.00513633476202165,0.0202447509553279,0.0121928299686408,0.0045055995325143,0.0316574383215524,0.0128324353519763,0,0.057886268257688,0
0.00912742403128961,0.00269718656010346,0.00631122237697318,0.00875690463172551,0.0141804883903715,0.00854638786207653,0.0547164151995934,0.00434482458774,0.00298646155650364,0.00160196599112757,0.00631339667499878,0.00518391940161377,0,0.00352042490293741,1
0.0026883211734525,0.0245655980621686,0.00831205315398072,0.00571377672412682,0.00792397612017864,0.00526726828475908,0.00672331792430573,0.00552396895108884,0.00124535102165169,0.0147438894998929,0.0590215047510992,0.034193211008662,0,0.00235069176125595,0
0.0091493472536374,0.0073924914491103,0.00259613643144489,0.00469709646353418,0.0163414490647924,0.0048712773924605,0.0279819281805979,0.018205717131458,0.0038985882509898,0.0167073164524918,0.000953785568738062,0.0691605425990306,0,0.0013305151441003,0
0.00336511851599283,0.00463091349815518,0.005581656955884,0.0126038306023305,0.00642064016030868,0.00324888729395314,0.00702059375460263,0.0111312799127338,0.0120841716246197,0.0236830342027043,0.00379031642017564,0.00840532532180065,0,0.0328392760369061,0
0.0026146090289715,0.00940867326702177,0.00483149738396988,0.00115371382838205,0.0147823410469844,0.00387759461596082,0.0191383660411986,0.000860217624762648,0.00178293713724093,0.00238686600665993,0.000132622038674218,0.00566936182738367,0,0.000880071819898762,0
0.00312984068945345,0.0090147067964717,0.00189988588681398,0.00526660968417606,0.0151930747958866,0.00143079674652882,0.000843704844767846,0.00645364042986092,0.0237924117946132,0.0105238745140887,0.00127030421411746,0.00278594948455569,0,0.000437606652730295,1
0.00601242543553462,0.0132772733977537,0.00435622914843734,0.00507690163367635,0.000392037669185762,0.00530610919030584,0.00954116602307065,0.00494487264032576,0.0170962868897171,0.00187298968551378,0.00252840376014707,0.0548310973263919,0,0.0112330282258384,0
0.00145829342635526,0.0119545247292784,0.0128867881730159,0.00570527440258542,0.00308898568607735,0.0123491070359284,0.0134884094498803,0.00159164734860473,0.012318059955294,0.0620251314196483,0.0233022936251335,0.00987232852526732,0,0.0154404417708864,0
0.00626707913069066,0.0163540116072798,0.00706847076569147,0.00437328361144407,0.0311329602852489,0.00420273877810567,0.00198158984556304,0.0043164369369165,0.0184653847156558,0.0306833175040156,0.0155867709989558,0.0298119223896251,0,0.0234415605914349,0
0.00905693456949873,0.0181882966773572,0.00445538862943929,0.00574601830529374,0.0118437280507749,0.0036229646900379,0.00365557282168115,0.00964133033331613,0.0303177527984813,0.0239047623583529,0.0515560254691174,0.00682520207819584,0,0.128829077244137,1
0.0109560133373058,0.00866859980885125,0.0165043141301786,0.0101691907528898,0.00787784731297396,0.0120830087641088,0.0110460990667164,0.0049937636856445,0.00816210664449169,0.0101343137069363,0.0139126356173039,0.00259991325496668,0,0.121047142392388,0
0.0149556389256459,0.0187450075618675,0.0133454206695597,0.0193752111530017,0.0135094096948696,0.011976720485529,0.0493446150498336,0.0289125832126639,0.0240422669660267,0.0106053500353146,0.00293277306474981,0.00596691886113528,0,0.0556698409949239,1
0.0130022498528597,0.0190159577951482,0.0110616655422041,0.00341591856507819,0.00334677355914455,0.0146147690831886,0.00254876117282097,0.00407292950512434,0.0026053544296321,0.016975199581049,0.00898967129544086,0.0480089536178367,0,0.00634893815580117,0
0.0184850736869427,0.00874382548007806,0.012554047922769,0.0188245841719001,0.00165291132401242,0.0101876306214648,0.0140743397876305,0.000353568873747037,0.0180940970842961,0.0130683461931763,0.0122263134007729,0.0499778307873853,0,0.0124910064357605,0
0.0106844551528928,0.0126133625761543,0.0119080141575946,0.0171728457994611,0.0160576327525951,0.00291966934585524,0.0210693284543569,0.0100195577478305,0.0193889847006208,0.0488462418776359,0.027048742659771,0.041303241772399,0,0.00169572910131853,0
0.00705171421447329,0.0245732155693235,0.00918037063640641,0.00559064298875092,0.00583345479148356,0.00590437464595103,0.0179352074395678,0.0144054866694905,0.0140536181583724,0.00238988235658595,0.00317527266260911,0.0126880333224359,0,0.0818358413161789,0
0.0100105900969942,0.0175644330234804,0.00806831829910888,0.0161247520318743,0.00501082968353406,0.00756635248509778,0.0286538580564721,0.00165242564876931,0.00340559467617574,0.0251463415749315,0.00971748829073191,0.0473437032646806,0,0.0239935295069176,0
0.022224386625667,0.00888362868389967,0.0195948541224218,0.0137179884541859,0.00772255482897244,0.00847996343809999,0.0366173863547508,0.0032696792918238,0.00743767059361912,0.0219611883854841,0.044799588327631,0.017376428266193,0,0.0435799980838271,0
0.012957838249378,0.0222122124787681,0.016263544113693,0.0108244033976866,0.00916273742220491,0.016611435969316,0.0307000014813823,0.00207527155744882,0.0109451889397456,0.0305299118703433,0.0157048737804044,0.00704376977369597,0,0.0157335732547092,0
0.00571013167291974,0.0081337742916989,0.00854515022682345,0.00475648295650844,0.00392523627280529,0.035422439857801,0.00353789072676472,0.00403169312578611,0.00410321761457474,0.0432868644219798,0.00451904062439974,0.0115957359495541,0,0.00522822867365969,0
0.00601894208264952,0.0117241934764829,0.0149890165445523,0.0169735312726813,0.00787463631822897,0.00584339741960692,0.0214373271548975,0.00439285050339393,0.0296050664617187,0.00737459246200866,0.0207798460411002,0.00432960241956649,0,0.000468726852156594,0
0.00408687813875771,0.0150585761950127,0.00831258766832563,0.0058049465496725,0.0292260832747154,0.00892444640741349,0.0122788618327842,0.00272573209030579,0.00237347451732794,0.0678297282661935,0.0145328560281531,0.0168085760770605,0,0.000485287443510768,0
0.00792927488306949,0.00612267303278976,0.00427562324721882,0.00985374086616452,0.00552685455681669,0.0149082463474454,0.0059081370902956,0.0160127796078923,0.00974099895239729,0.0188900609761331,0.021384432156054,0.0136632930025159,0,0.000445616393256023,0
0.036341851829289,0.0296798026061168,0.0254064439673456,0.00442452980621376,0.0238245556093476,0.00403930175047102,0.0073634401828312,0.00578355004875426,0.0468140610387167,0.0137332163211025,0.00271060331953482,0.060733774589613,0,0.00773805344043234,0
0.00938707889452179,0.0130721943415257,0.00922966537955732,0.00582349576802811,0.0145319860900926,0.00582292045911365,0.0480620827680603,0.00448933440934955,0.0211821520698492,0.052522853028758,0.0123580980629909,0.0104147759541409,0,0.000719652206608716,0
0.0113549839787802,0.0105749003901295,0.0138941038397134,0.0111468021697386,0.0114691149759941,0.00466169960733024,0.00274996135367882,0.000931340949070731,0.0174318418931836,0.00496547085850103,0.000450784433382135,0.110109114130748,0,0.107465092236913,0
0.020909894010335,0.00958008063147225,0.0197933054069715,0.0164891370813305,0.0354042738788655,0.0069566705822509,0.00891566822754942,0.00401957938522076,0.00351518559203696,0.0232375370171606,0.0976543287781135,0.0743997728927802,0,0.0151977206654701,1
0.0125643275490019,0.00978151699073253,0.0112051967842927,0.0232800329890968,0.0111961963181371,0.0210628263812383,0.00407531818352287,0.00162850263034125,0.0753985697268027,0.00760497293503527,0.0144650102817327,0.0115010093134448,0,0.00096228027162517,0
0.0120846608959938,0.00713026780359428,0.00883898735232344,0.015383605917806,0.00341833903296617,0.0104065815104112,0.0167625935849477,0.00637866786336561,0.0185987316602873,0.0584425992398022,0.00227692859188527,0.0443741416528069,0,0.0267076050703999,0
0.00579991327490764,0.00132754013365442,0.00811132432088316,0.00579318576287611,0.00370139059843936,0.0222753023536041,0.00610272184094005,0.00816291905930207,0.0209170284677739,0.00687153212883551,0.00583986716441463,0.00478677875756277,0,0.00286853568954894,0
0.00400865423528603,0.00107626963474713,0.00413460667218403,0.0109040023985436,0.0102721387102185,0.0055276787685606,0.00477303073627673,0.0102770440863961,0.00623730908468813,0.00456472465474583,4.91051281054153e-05,0.0512005056851756,0,0.00155235729263596,0
0.00514771275864739,0.000735941531234461,0.00211527037963969,0.0041225733761544,0.00285343314810138,0.0175317081380252,0.00113979438551332,0.0148716270317286,0.00681685834717541,0.0224782979292345,0.00301194309179014,0.00790265190320878,0,0.0114117300150566,0
0.00502254292443448,0.00517161702484132,0.00317206616894393,0.00540172865137356,0.00317201233241769,0.00298430298312617,0.0123921929514138,0.0303918155873824,0.00178547275667586,0.00058017730789638,0.014643398944316,0.0702996151487285,0,0.000228554627137568,0
0.00658079354153434,0.00336340375188461,0.000605171112760204,0.000587714912962884,0.00101557061212479,0.00256794832847882,0.00460851888828266,0.00636901442991661,0.00168269737909941,0.00158671904643013,0.00469065542308405,0.00322493971132332,0,0.00172609205756013,0
0.0011370060603937,0.00214854244134306,0.000235423459430618,0.000404339104593461,0.00163477803996087,0.00274610188247216,0.000401359503183854,0.00551426388183822,0.0011686457183159,0.00141137522155018,0.0011611976958325,0.0588674838616173,0,0.028454349604491,0
0.000957898355979797,0.00135279792195589,0.00251142496279713,0.000724521523968554,0.00205855832925554,0.00180170671106213,0.000130310571211101,0.000311274731892629,0.000137549430800315,0.000650743480514305,0.000480538215333152,0.00196643033181428,0,8.95029235121842e-05,0
0.0011013177950228,0.000937106555060479,0.000451768593824291,0.00257960300451897,0.000701732975783488,0.0114063993967621,0.00431292374001,0.0217054538200669,0.013312932935063,0.00101553839619885,0.000517900910819306,0.00344489458732761,0,0.0739486850720686,0
0.00100065338422615,0.00145165076300133,0.000665498215617008,0.000260103829267364,0.000774965643059804,0.00201000688834903,0.000163607845734063,0.00365477531101986,0.0081393893909007,0.000306808981307413,1.49016649939379e-05,0.000574393955609475,0,0.000609277965297594,0
0.00757457692735905,0.00216151999435695,0.00345892547820842,0.00267089593935418,0.000384438691305449,0.000377391088105045,0.00188454748730317,0.00779635852499851,0.00128639075112388,0.000895496795771266,0.00472920849761369,1.84171595775967e-05,0,0.0414329248101316,0
0.00210703631094383,0.0020120186334606,0.000553439556138096,0.00196312216602847,0.000327635384236019,0.00156996860184217,0.00212545429002135,0.00178800083603378,0.00914859146222286,4.92493888317979e-05,0.00279203514292567,0.062579485083722,0,0.00211179998846988,0
0.00535133429804114,0.00307598665436494,0.000762433690804579,0.0111153082151034,0.00315361381048669,0.000623634415965008,0.000889899376423199,0.0020662473254753,0.0215308870049228,0.00325141543957652,0.00133909633672917,0.00842192453939835,0,0.00379004673433254,0
0.0030353159851104,0.00697727859593559,0.00313872451360425,0.00149654309600927,0.000992542700407234,0.00674357274937339,0.00124484329146501,0.0181965017460957,0.00479518794978924,0.000430965948558737,0.0245649430915698,0.016889287214856,0,0.000486414761126034,0
0.00231771538820519,0.00506683379096133,0.00175708320870791,0.00241516597996264,0.00687750399260751,0.0056288811713396,0.00670713141594093,0.007186557127206,0.0015872366429631,0.00134676331691738,0.0020589104662231,0.0132817479735094,0,0.00184027899974258,0
0.00355475600393391,0.00460286535130248,0.00541082520669144,0.00465956182461796,0.00130929554210918,0.00136995907201552,0.000715775216683051,0.00718180483254143,0.00797590561132044,2.72267646086387e-05,0.00166016827029134,0.0296426037908771,0,0.000225648275192253,0
0.00252523956671486,0.00395930229165198,0.000559910371084315,0.00255613816151799,0.0129689228010653,0.00302412634715209,0.00952185778598198,0.018807276494527,0.0758083259564333,0.0023804056718082,0.0261125673490343,0.000940333792369778,0,0.0292770739843997,0
0.00061811748420738,0.00592137199833061,0.00324097071128325,0.000626501178316506,0.00122711968844999,0.00162244500321048,0.00110377883368623,0.00479238170866678,0.0181825198727467,0.00203633903830049,0.0259058329353195,0.000847095151865054,0,0.00463120774139994,0
0.0017119813897215,0.00131731946965268,0.00261709678844377,0.00147327804826265,0.00447068108532273,0.00338052177216508,0.00431450568045756,0.00631567743106847,0.0205733731348387,0.0032989445515125,0.003116279018989,0.000650905851325104,0,0.000231362822224163,0
0.00111630596950405,0.000206789927924527,0.000505733581875659,0.000317659627445903,0.000817050270745065,0.00092125356402714,0.0022765243847085,0.00354533688671489,0.00464486812532864,0.0258910262443558,0.00769353418453143,1.28605759345437e-05,0,0.0272701805248947,0
0.000120964775492812,0.00227785724543301,0.000644709123387228,0.000113850990890532,0.000489936069551711,0.00054009922260099,0.000106364188151903,0.00491724030167112,0.00251835663046681,0.018936665521851,0.000517975142600978,0.0376487611828816,0,0.034683702503567,0
0.000141100181621389,0.000363016220369935,0.000157976089582896,0.00163243448477755,0.00460480293122488,0.000883303207972294,0.000376852770553346,0.00110180191842576,0.000259142965690723,0.000966833540984515,0.00678646534910964,0.000850475463917306,0,0.00474885760882183,0
0.000614883788433591,0.000892488838288754,0.00177375776232708,0.00088646010182832,0.000393036329944959,0.000445140806083498,0.00505387305877168,0.00127709880032401,0.0126418497021051,0.000701323178511095,0.00316355485854933,0.00293506079166985,0,0.00412676096835423,0
7.01241483841576e-05,0.000744789514106761,0.00107111923777875,0.000179165720721396,0.000192852034307536,0.00141198847895372,0.00012863516483893,0.00280624014741194,0.00331421629358103,0.00237512000907466,0.00094867452569071,0.00240075583402615,0,0.00238631393528831,0
0.000331485744391564,0.000689673987476346,0.000509760870128659,0.00199542819373675,0.000577085124128845,0.00278820088699717,0.000899535483565393,8.26258364272097e-05,0.00401198813054984,0.000181408982505586,0.00869328555466311,0.00483404709734267,0,8.60269786726272e-07,0
0.000951390516548858,0.000622917995396441,0.000472486924521998,0.000129638107774885,0.0037356364546663,0.000166393378429418,0.000252201611685705,0.00733556181025898,0.000142464914322487,5.39156963514248e-05,0.000443610245316862,0.00146584682369643,0,0.108233523795672,0
0.000681257738406492,0.00112149533938469,8.17551546995163e-05,0.00166824003320169,0.00480354219317219,0.00310352634457176,0.000492290894349488,0.00224931369212074,0.0131391339832751,7.13732001383676e-05,0.0020614026006988,0.000128380089600565,0,0.0372628926295374,0
0.000322972015355647,0.00197506486319329,0.002912817211141,0.000213614350982911,0.00429280650461464,0.000813393727910453,0.00323764143993816,0.00421874545253824,0.0113463287574864,0.0382229596993067,4.02771744150509e-05,0.00869062750869529,0,0.0311130889975626,0
0.000194441543405209,0.000746412968348646,0.000220220085318671,0.000185145430571383,0.00105665285790857,0.00875044511448928,0.000807808448634356,0.000347893100154723,0.000129358057765246,0.000345045802187743,0.006042234816216,0.00276407027889798,0,4.86477650812823e-05,0
0.000184082435967338,0.000349690664862372,0.000240692990710579,0.000367344425929762,0.000597430097932216,0.00164742869766465,0.000491171465711482,0.00015720343894823,0.000729131139332238,0.0002275457348546,0.0546474995747574,0.000415468527300997,0,6.46955183680212e-05,0
0.000109418150907805,0.000886475825032345,0.000216370125844185,0.000153201793577225,0.000376459560951686,2.76063393878101e-05,0.00107265341987923,0.0294849521381883,0.00216855396951832,0.00044034807852796,0.000518924683145914,0.000488222263688614,0,0.0362910430697258,0
0.000193994371669792,0.00174355043522577,0.00195896449925696,0.000228690466216876,0.000174781768142969,0.000751838141936021,0.0104922323087021,0.00236084759523172,0.00245697874521538,0.000155338332984813,0.00368445609909527,6.54406258580444e-06,0,0.0452702653925759,0
0.000150140045248042,0.00237683401010064,0.000399694618824095,4.98256797251125e-05,0.000870536582775354,0.000275116345471573,0.00131720045226785,0.0140731631089332,0.0359570933792271,0.00151747644889024,0.000215735935685832,0.00211733649854269,0,0.00892431614277325,0
6.00088540058951e-05,0.000255643255833837,0.000551591162862745,0.000958570157404546,5.28871895111191e-05,0.000175529948411192,0.000110603816210418,8.13789372363069e-06,0.000323114707318686,0.00168310408113254,0.0158379446042395,0.00129590798489066,0,0.187193264284995,0
5.07776265369914e-05,0.000156465156409903,0.000707692823406864,1.71221194423564e-05,0.000248945237575997,0.00093264801970682,3.47744164119328e-05,0.00010419442536341,0.00053350221701484,0.000108218664319296,1.67318398940639e-05,0.0182723166325773,0,0.00136529188768236,0
0.000445134242873976,0.000784190888318966,0.000962759413551154,0.000545019668438117,0.00311267969198345,6.29576325377663e-05,5.52015758098766e-05,0.000144138732930237,5.36274361415934e-05,0.00510833789426697,0.000310981333519729,1.62793129633901e-06,0,0.00713682129471432,0
0.000503413261354237,0.00065539964748732,0.00147208651834217,0.00128995107308323,0.000443777024982601,0.00124586184409501,0.000225203719269371,0.000557093024037151,0.00175389953364551,0.000513732343136402,0.0057241258097014,6.15105708927507e-05,0,0.122785221943562,0
0.000303489023514906,0.000484136911034431,5.74675802238153e-05,0.000684223401434395,0.000127196578318931,2.80055417905026e-05,0.000247224116230058,0.00233727736783378,9.00869880184321e-06,0.00398205054166646,0.000234078213125095,1.16360749474855e-05,0,0.0055831910000497,0
2.54493728669312e-05,5.56449312266072e-05,0.000213071426705742,1.19563489543707e-05,7.7875288686791e-05,0.000345621925734592,0.000140694354321539,0.00141595716108229,3.80146353157554e-06,0.00174129437175185,0.000814699943829072,0.00263853851993677,0,0.00220530375639486,0
9.62921356992835e-06,1.77497149528145e-05,2.01884562931788e-05,0.000379783390803692,3.11485300529007e-05,2.69763206244181e-05,0.000180523242750825,2.37251855493155e-06,4.47048529261344e-07,0.00185360788877682,3.04132545170507e-06,2.45491080463864e-07,0,4.79220915235691e-05,0
0.000135261305691185,0.000436427498474472,0.000102139779701563,0.000123497440532608,4.15686631854135e-05,4.67609751900736e-05,3.92106437948179e-05,5.98617598481958e-05,0.00136291225706893,0.000204974152470428,0.00235763879095151,0.000888054788466826,0,0.00193815359101661,0
0.000138400853435544,0.000200834425745819,0.000508936342401165,0.000340526056844755,0.000505448813145957,0.000230693112375294,0.000651001978946514,0.000649736995824259,1.89281958162304e-06,0.00120411088173957,0.000541893908622133,1.33614886714667e-06,0,0.0119455122914974,0
0.000121372865232157,0.000217287511458913,9.11308430098285e-05,0.000246477236746999,3.38994450606372e-05,0.000105939740954996,0.000106153434257826,0.00186495986982078,1.93714566218765e-06,0.000267347894510307,0.00457561387496333,0.000175860919120155,0,0.00857100019855992,0
0.000327380357199202,0.00105272260162658,0.000382607880862107,0.000552275033247644,0.00119775802281609,0.000159366577041032,0.000113972633401001,0.000125109766966396,3.47963330490855e-06,1.16693708277446e-05,0.00207677283982925,0.000117229491196274,0,1.60262266556294e-05,0
0.000138400778263516,0.000124167438800923,0.00193468509297911,0.000517691424722071,0.000140380386608661,0.000149430128990004,0.000333477320497322,0.00221070949459177,0.00016701799428997,0.00572940200489926,0.00881314386940247,0.00043986833474904,0,0.00420526786673347,0
0.000818370568970614,0.000225987679175174,0.000602142913391224,0.00108733585349002,0.00104335986514946,6.5836091529071e-05,0.000603090706293903,0.00113116292954445,0.00223484221196069,0.000202164866359575,0.000104836329592601,0.00560556696628792,0,0.000387048293980437,0
0.000972176823799064,0.00033646334064585,0.00114714227052166,0.00164862359833497,0.0012890873709122,8.96302061868262e-06,0.00150057935130186,0.000252937051379196,0.0005212457871453,0.000628127767866007,0.00401606308790709,0.00194451862323888,0,0.000257487787009289,0
0.000567508242489185,0.00055939713580474,0.000849836053492694,0.00041803042890135,0.000559406047278912,0.00042567788904663,0.00303307818296757,0.00221956498494113,0.000103189422906326,0.0009975296025261,0.0057395355195246,0.00298916433037267,0,0.000236333469151465,0
0.00112120771963026,0.000240001723695344,0.00158509639633381,0.000554560554252348,0.000692737537889893,9.27089221869835e-05,0.00118967392753249,0.00429703988748126,0.000118947828640714,0.0056698809689357,0.000384610289955674,0.00763206467948412,0,0.0457080217791839,0
0.000336189806764275,0.00127073002042376,0.000892624400590753,0.000209724387100067,0.000282275874452591,0.00017947274718035,0.00238557578602361,2.99360191151687e-05,4.62008441886165e-05,5.38411903405623e-06,0.0259765691984485,0.00146638710336047,0,7.53012143489634e-05,0
0.000866550612207411,0.00222583983875145,0.00190026493852442,0.00230644116798511,0.000889647462733256,0.000492378301752216,0.000846222054975577,0.00153681532126762,0.000692673317542145,0.0101840147381641,0.000627293108575583,0.00593371509263699,0,2.03036591235757e-05,0
0.00109784274677085,0.00636236140989771,0.00192536920119641,0.00401655105178773,0.00133038833395838,0.00117427542740849,0.00217111269558494,0.000344654872411497,0.000278789136820738,0.00473015348419765,0.0101402667341288,0.00227634337686022,0,3.96604168626609e-05,1
0.00169628847390306,0.00125529473744631,0.00248599120848452,0.00435936639966099,0.00206787252641014,0.00397454585079181,0.0036310970150723,0.00553096289548106,0.00705107797446719,0.000379961331896337,0.00370238915017501,0.00184827268668618,0,0.0638276653727557,0
0.00173439593097408,0.00156438593228477,0.00281835731038823,0.00546550254826413,0.0049229601687343,0.000675828956511083,0.00155905508881953,0.00236524044638244,0.0393063271985939,0.0134456108049544,0.0223241063839842,0.00083206167696973,0,0.0502193792563283,0
0.00506585348441281,0.00276434748635225,0.00125974318881153,0.000593630558007161,0.00146955099724589,0.000691165604195536,0.000628467504840947,0.00232967368422551,0.00222935323293692,0.00110125093571705,0.00181977823538808,0.0119596998700935,0,0.00257976051126493,0
0.00753745296752734,0.00241294814060468,0.0057283242646636,0.0147600692194994,0.00964284505027723,0.0048296523497762,0.00402450892404223,0.0148341196058179,0.00462162022385879,0.0158291804419986,0.00126949139333293,0.00228535013846884,0,0.0193019924227783,0
0.00828028886083296,0.00736573352634455,0.00880188831823778,0.0138823714689925,0.00533763084776337,0.0142258452333396,0.00661629057859273,0.0168267682694853,0.0238485888445398,0.00374689495471526,0.00779690779297002,0.0120180876631791,0,0.00203912293983485,1
0.00800403546737736,0.0069763971366771,0.00476718852316721,0.00840518963233584,0.0132518801444659,0.00540769893139311,0.0171984170982817,0.00158477074755683,0.00600456067177346,0.000328560922734462,0.019378057356176,0.0151497352655899,0,0.103338102731055,0
0.00931961761745797,0.00462413832179166,0.00470053351519255,0.00762598804193714,0.00550605468045473,0.0031305301158929,0.0102217576248544,0.010037266838959,0.0211227499645697,0.00508213918148272,0.0059997224131886,0.00312704376934246,0,0.0105188136525405,0
0.00783971849336816,0.00391722588360951,0.00800009976570348,0.00667642657802321,0.0091357508087153,0.00162294084841789,0.00835926314095209,0.00349705673280054,0.0138986142606753,0.00314518987920472,0.0129736328489881,0.00790540134068567,0,0.00953155077804316,0
0.00514838455975322,0.00535406296706033,0.00858135803974166,0.0039099269232081,0.00967861737804086,0.0101052809120028,0.0068276151261747,0.0329559449792307,0.00186572882434989,0.00265123756740428,0.00958331065535648,0.0280796297957128,0,0.00480416081568403,0
0.00910694551889152,0.00595144152382027,0.00463379353071032,0.00285249474961017,0.0026834530313261,0.00650399124026051,0.0060861428393427,0.00422792091829819,0.0781403361704058,0.0112048633141832,0.0168394589458046,0.0424985815205269,0,0.00450079225565104,0
0.00884695849837592,0.0103640048684276,0.0062025001127943,0.0099334564915183,0.0124256330777253,0.00146414953019886,0.00666573676686027,0.0110494251932511,0.00469617813751699,0.0123691143606715,0.000517359837228988,0.00648506441273469,0,0.0149732572229427,0
0.00395514776508714,0.00717595975867196,0.00593623985098463,0.00460256458760188,0.00426068096114574,0.00669807746526877,0.00539722230280555,0.00899715472768754,0.00955295879798219,0.00741314583296086,0.0499615058783455,0.0220168919597968,0,0.119223451909509,0
0.00449372384828144,0.00422372689671312,0.00572061903532547,0.00935240445009884,0.00799405841073885,0.00690514548858168,0.0114900961530563,0.00946830697363352,0.00930591073680063,0.00231877195854082,0.00331777007005674,0.000738118092320606,0,0.00947150485728123,0
0.00348957318122321,0.00299471185215462,0.00319382949269577,0.00115230143968064,0.00414355946624898,0.0015049182645034,0.0036961977783035,0.00432309180428239,0.00332431416276034,0.00819079832236208,0.000283065897712091,0.00379011829837608,0,0.00721558612266107,0
0.00505848585852194,0.00130690710165596,0.00263997174310084,0.00308749752702134,0.0034580302164597,8.75973678309726e-05,0.0170430584198286,0.00225296491783232,0.00451164591256409,0.00205071817694783,0.0163668026817372,0.12972502688367,0,0.146934398304555,0
0.00179492602032114,0.00472760967073374,0.00159314801528543,0.000830487791860108,0.000529608421939588,0.00300944362963073,0.0014925172697275,0.0163021742550235,0.00429106532097391,0.000535664085001619,0.0387711463761983,0.0275288203172328,0,0.00271994327415328,0
0.00152957491839409,0.00515810359060484,0.0027985193912859,0.00348051195911523,0.00101640003798004,0.00265651120237655,0.00174773843540647,0.00681668239642021,0.0140049017333055,0.00474236470868371,0.024976175416357,0.0368390129134636,0,0.0153458736639834,0
0.00210404027585809,0.00291222010838759,0.00340336453353586,0.001784612897335,0.00307543651854383,0.0020831967273813,0.00411391476203481,0.00176630064521966,0.000419573698505106,0.0026009235849333,0.0055455954377424,0.0307568907721053,0,0.0763653850015747,0
0.00465815675672735,0.00547207263794634,0.00274275124494435,0.00197312031242375,0.00295792064411166,0.00172741952494503,0.00060579271094346,0.00377401565285011,0.00138365137856659,0.00221525811939095,0.000697587926912983,0.0571148172787291,0,0.0127628142120525,0
0.00165932384109782,0.00150807348397006,0.00430842111179679,0.0055512530260004,0.00372402448696359,0.00347251291124472,0.00791878619606008,0.00343477443325075,0.0184148899233542,0.0239089338258924,0.00237803213062456,0.0048080023008221,0,0.00402455619611557,0
0.00232821946394337,0.00240755709532776,0.000687528915293563,0.00121095304738452,0.00795596969863589,0.000913250738601222,0.000779290361815058,0.00281224653291198,0.00389890231581487,0.00365458561244055,0.00383633955784132,0.00404587601776609,0,0.00383010121317003,0
0.000796952478770884,0.0106343991677876,0.00451009803184692,4.97874717741177e-05,0.0118580240854814,0.00289360765036508,0.00136718488397782,0.000287286308786011,0.000944845917424351,0.0156795511412883,0.0198580936996493,0.00385192355413614,0,0.0201943785972436,0
0.00169604754804087,0.00337345455263662,0.0010555620449218,0.00131355320599054,0.00447999011065069,0.00187669669972847,0.000211098575194231,0.00171888457412244,0.0048033499653717,0.00575868306571898,0.0155638157468069,0.00120087539040139,0,3.62431760827207e-05,0
0.00131683271997063,0.00219691325862196,0.00210437308322723,0.00173846881638844,0.00420722965996349,0.0006916350685835,0.000596345854202738,0.00166213280526277,0.00197869384834925,0.00207473970443066,0.00546584735652881,0.0058910575217963,0,0.0130499012182664,0
0.000790365279699986,0.00473000683178506,0.0105214643857207,0.00312209729522467,0.00817936445634793,0.00180991956251605,0.00141114419481076,0.000837932497123891,0.0021025226228337,0.0023512204967007,0.00579647323251075,0.000415358788660466,0,0.00601607959968884,0
5.3109881089439e-05,0.000957987223922386,0.000798627593877125,0.000359333948651914,0.00203801090796548,9.6957580561167e-05,0.000128126508878017,2.43272355524009e-06,2.00064538997798e-05,0.00355836208831283,0.0020668050750855,0.00957537427042251,0,0.000749489738467,0
6.68749558160118e-05,0.000249625556605739,0.000118333503083592,0.000135410826543882,0.000654754992710846,0.00133492869499721,9.34676231125287e-05,6.58896501136053e-05,0.00150665636312358,0.0039858485424176,0.0243387478953562,0.00332427018748941,0,9.88984778491716e-05,0
6.81492733863528e-05,2.3573283127537e-05,0.000469718118204564,0.000196471761000573,2.91511917902948e-05,0.000201720726203093,2.24408055063018e-05,6.47277455401075e-06,5.83282916381123e-05,5.19582881067245e-06,0.000411643695612667,0.00152725396204713,0,8.21806277181147e-05,0
1.66905840927066e-05,0.000135418888612505,0.000116929873170589,6.53782437734611e-06,0.000518359661691895,5.83285786192218e-05,3.12625170156648e-05,0.000548282022075228,0.0009655639975942,0.0101062214994348,0.00121735543723409,0.000539021479042192,0,0.00162146477361427,0
2.29820237288094e-05,3.61859779880418e-05,0.00049866103789132,3.24124865916644e-05,0.000100976780690873,0.000588581610931679,1.59345073622925e-05,7.81092998052049e-05,0.000599846254616165,0.00318246459041694,0.0132549296294172,0.00203918984493166,0,0.00233549247191808,0
0.000138173936134752,3.59654543326859e-05,0.000179071781999122,2.54851117445245e-05,0.000656029538313576,5.02972704468663e-05,0.000355798394560697,0.000371658197856558,0.000599517189251473,0.0012261450943185,0.0233258593808391,3.86193309788554e-05,0,0.0311072335984923,0
0.00018624246887598,0.000624270487032084,0.000145098404429104,4.53607753233782e-05,0.000510435906322889,4.35925403821502e-05,3.38583716727787e-05,6.04042017292116e-05,0.000488063851314082,0.00107863024388411,0.00110203728877775,0.000602395559342587,0,0.00095758304522805,0
0.000234023168288428,0.000155721889516348,0.00059070857080417,0.000946685398303313,9.38838048814648e-05,0.000316330875318745,0.000762929865951549,0.000350551505168181,0.000928985280672979,0.00318087153697708,0.00825232343812022,5.14345709796376e-05,0,0.000572063460943375,0
0.000364169431061782,0.000186803637219263,0.000107609149135296,0.000602861610524871,0.000538316490953412,0.00176593185820957,0.00375194225656523,8.67752963639534e-05,0.00173645802293097,0.00636699307157403,0.0239285532732695,0.0101653966668644,0,0.0086724603855583,0
3.15435217401482e-05,7.85864260830524e-05,8.2341780617428e-05,7.99377997819769e-05,0.00101916095437388,0.000158125681639297,5.78160325183998e-05,6.95742136120489e-07,0.000565824170617906,0.000602528027988773,0.000728270744708706,0.00734389685082442,0,0.000198918929685032,0
0.000163688385509126,3.11394276493267e-05,6.60667122557407e-05,0.000200894681123288,0.00303227654904403,0.000980619675755652,0.00234633467227255,0.000711403593402456,0.000397579889071046,0.00478511756828277,0.000268403600697864,0.000298330541991998,0,0.000945143761569653,0
2.95553282784784e-05,6.47306020462833e-05,4.00716928024815e-05,4.57617739768444e-05,0.00068560757770337,0.000238280037225066,0.000255220870006904,0.000103711915443219,0.000286988736536615,0.000960801362537418,6.69275197878149e-05,0.000924825967826387,0,9.69947619886412e-05,0
0.000195207348887201,0.000223357159005201,5.14258957053147e-05,8.39799064063083e-05,0.000117634797157587,0.00124546229337184,0.00124488912599537,0.00160481015105996,0.00450325874850039,0.000142652259271349,0.00445479829019504,0.00532254394465587,0,0.00828058423202585,0
2.42618258468745e-05,0.000624011037734267,0.000121398859342306,3.41442942367658e-05,0.000761951946329217,0.00316672054932658,4.88059744820223e-05,0.00117996761549545,0.000746326456628082,4.58859180198547e-05,0.000764329401574961,2.67217530749201e-05,0,2.41654744899686e-05,0
1.15901432392526e-05,7.68288401500235e-05,9.14602167701153e-05,0.000411824705848878,8.99958495678204e-05,2.11794653256914e-05,4.90767444033617e-05,2.53136867428656e-05,3.80361492438882e-06,1.43893664563078e-05,6.55145471250236e-06,1.01976060335641e-05,0,0.0401843563168663,0
8.31823182293888e-06,0.000106594251071499,0.000117345189677628,2.03594288582638e-05,0.00051259324964324,0.00010118144733578,0.000687716161118368,0.000378042084781559,0.000844744268200893,3.48244722851303e-05,0.00860748186763567,3.42964395191199e-06,0,1.50908637275118e-06,0
0.000301970989964863,7.16455916129453e-05,0.000150868800581249,0.00154859302147849,0.00272043869180834,0.00151617303188697,3.66019187262878e-05,0.000215736586349062,0.000330620908864894,0.000761477769417824,1.06527250181711e-05,7.90784163944976e-05,0,0.00605691284244241,0
4.86979102338388e-05,2.69162909797764e-05,0.000483903173416441,0.000233529884249911,0.00423760351409085,0.00213720299483811,0.000189490798513297,0.00175660212075486,4.53954108069099e-05,0.0103813615447471,7.07461155906473e-07,0.000113628268646094,0,0.0797652944944464,0
0.000596886984912139,0.000470856457645378,0.00106081787399882,0.000566851506775744,0.00295492399045387,0.00333561340950756,0.000372411860007473,0.00139461731305308,0.00517376642965331,0.0098653499768687,0.00337717462806062,0.000125211593915913,0,0.0404797663689726,1
0.000276466053274593,0.000307486454002084,0.000631909576491468,0.00130593092955239,0.000701231478067246,0.000968723028404055,0.00016459230767701,0.00336849791696296,0.00433506431935378,0.000106057444141381,0.000597839107133142,0.00357525728146549,0,0.154059926833245,0
0.000315326290074412,0.000102310420878791,0.000239037738020527,5.92538788582896e-05,0.000754572171367528,6.42119708738587e-05,0.00111798742128502,0.000221292703834643,2.48217815883861e-05,0.0211193596950481,0.227522468358473,0.00140962559641532,0,0.00644085312920784,0
0.000184717607143189,7.511538252083e-05,0.000202990251001209,0.000320109955646696,0.00105626845168116,0.000258565432017784,0.000341017236207416,0.00187182865137993,8.60006645491618e-05,0.000146923242479643,0.0235258309205638,0.00112944617697733,0,0.00229487805773836,0
0.000466692058822449,0.00015024079273882,0.000129015669494215,0.00178323607692537,0.000324288624915457,0.00126205379515219,0.0135537641750473,0.000594922498313555,0.0020246530947408,0.000537952018242168,1.91695416844155e-05,1.17508479793894e-05,0,0.0143176565671881,0
0.000946220514185008,0.000636169848786713,0.000831262902772193,0.000104685925203524,0.00233760670843711,0.000154486026537111,0.00151876177587038,0.00138168390213254,1.4725606105753e-05,6.31875087136158e-06,0.0948592480184876,0.00144641295073036,0,0.00546968671374675,0
0.00121155441823197,0.00375349224534674,0.00904054882547034,0.00156074865469488,0.000828760697182911,0.00807169574294269,0.000914512297412677,0.0017221625578945,0.000188449647086712,0.00134234942602384,0.00361040201752134,0.0190486236717891,0,0.0731499616749991,0
0.00793143564366299,0.00221860349932429,0.000582866572763814,0.00266676190772047,0.00349083080425756,0.000449373722873492,0.00069795363074608,0.00381221389039826,4.6033774600704e-05,0.0291881429148557,0.0189230740398716,0.00366532784276284,0,0.000999552285891309,0
0.00259188395388859,0.00237953900695998,0.00406604923255079,0.0013544442438143,0.00255861384884391,0.00323124374856691,0.00125168838248529,0.00993967902590367,0.00584515451453922,0.000685936221553432,0.006339176351034,0.0299065571642061,0,0.0117126825232932,0
0.00187605112982639,0.00175624123343286,0.000644146253530733,0.00379658290030398,0.00312778572300698,0.000253255264267282,0.000838733506267116,0.000797016707528901,5.7662398959895e-05,0.000214003589526989,0.00770733389345848,0.0265867876629319,0,0.00319946242791628,0
0.000854773254455049,0.00193087272177983,0.0019924756272626,0.0012981851218962,0.00046378607896703,0.0032525673670146,0.000338714760292939,0.000293053001607562,0.000293564467429854,0.00245329410306629,0.00395563214444984,0.000727519216638656,0,1.35180212170867e-05,0
0.00117792273951336,0.00260379940976396,0.00100118693729443,0.00118090034422474,0.000646017850106564,0.00132603176101029,0.00414155572722209,6.09838059199838e-05,0.012654897397255,0.00238770336243819,0.00373300382917151,0.0272930352090417,0,0.000444352361019547,0
0.00325945974190805,0.00136161903574874,0.00189969394342509,0.0128591002812747,0.00182892772551427,0.00258030386371398,0.00338406473144688,0.00584133132337734,0.00356135944708226,0.00110269800561971,0.00193611789986324,0.0421437337541202,0,0.0479349862864579,0
0.000566650877551461,0.00170321284421165,0.00070152135188613,0.00161635662164085,0.00586671436070956,0.00081654190758299,0.00383083721139313,4.34866673962162e-05,0.00017799494066758,0.00110817160065087,0.00406650979060439,0.0105038381359439,0,0.000181634429878292,0
0.00144729440663127,0.00116980909649469,0.00832243018746147,0.00417296122679573,0.00173515717137364,0.00604079130573597,0.00170085013098455,0.00605435786973301,0.000429674034664001,0.00298353469307785,0.000642118750931681,0.0175051300997241,0,0.108946306733125,0
0.00324591231720643,0.00767562653511647,0.00556021109707626,0.00477182840978887,0.00388031330391962,0.0121471920533381,0.00501870850012864,0.0051514117144496,0.0142077798730374,0.00579028654699728,0.0215706615631279,0.00838557703452516,0,0.000156413657609509,1
0.00563510585151655,0.00881819028676293,0.00472223601295523,0.00197329060270699,0.00248252111544622,0.00725510647983803,0.00241070568851304,0.0101141643776343,0.00165375970936197,0.000328183460368972,0.00458269947399936,0.0120482979551629,0,0.00169511934337881,0
0.00198949011230317,0.004725795544828,0.00222269653855494,0.00399930641495627,0.0017362519948498,0.000834270689778545,0.00265528625249024,0.000533264952407567,0.0175106418952645,0.00112854981332976,0.0504507163598345,0.000217846378053963,0,0.109930288057678,0
