"Package","Installed","Version","Function","Audit_Date"
"RCtest",TRUE,"1.0","compute_crps","2026-08-23"
"RCtest",TRUE,"1.0","compute_klic","2026-08-23"
"RCtest",TRUE,"1.0","compute_kupiec","2026-08-23"
"RCtest",TRUE,"1.0","compute_per_model_statistics","2026-08-23"
"RCtest",TRUE,"1.0","compute_zp","2026-08-23"
"RCtest",TRUE,"1.0","create_unified_summary","2026-08-23"
"RCtest",TRUE,"1.0","estimate_forecast_variance","2026-08-23"
"RCtest",TRUE,"1.0","estimate_long_run_covariance","2026-08-23"
"RCtest",TRUE,"1.0","extract_and_flatten_results_aggregated","2026-08-23"
"RCtest",TRUE,"1.0","generate_comprehensive_report","2026-08-23"
"RCtest",TRUE,"1.0","kullback_leibler_test","2026-08-23"
"RCtest",TRUE,"1.0","mbb_resample_data","2026-08-23"
"RCtest",TRUE,"1.0","plot_cumulative_loss","2026-08-23"
"RCtest",TRUE,"1.0","plot_density_forecast","2026-08-23"
"RCtest",TRUE,"1.0","plot_performance_metrics","2026-08-23"
"RCtest",TRUE,"1.0","reality_check_zp_test","2026-08-23"
"RCtest",TRUE,"1.0","run_comprehensive_erc_analysis","2026-08-23"
"RCtest",TRUE,"1.0","superior_predictive_ability_test","2026-08-23"
"RCtest",TRUE,"1.0","white_reality_check","2026-08-23"
"RCtest",TRUE,"1.0","white_reality_check_cdf_approx","2026-08-23"
"RCtest",TRUE,"1.0","white_reality_check_conditional","2026-08-23"
"forecast",TRUE,"9.0.2","%>%","2026-08-23"
"forecast",TRUE,"9.0.2","accuracy","2026-08-23"
"forecast",TRUE,"9.0.2","Acf","2026-08-23"
"forecast",TRUE,"9.0.2","arfima","2026-08-23"
"forecast",TRUE,"9.0.2","Arima","2026-08-23"
"forecast",TRUE,"9.0.2","arima.errors","2026-08-23"
"forecast",TRUE,"9.0.2","arimaorder","2026-08-23"
"forecast",TRUE,"9.0.2","auto.arima","2026-08-23"
"forecast",TRUE,"9.0.2","autolayer","2026-08-23"
"forecast",TRUE,"9.0.2","autoplot","2026-08-23"
"forecast",TRUE,"9.0.2","baggedETS","2026-08-23"
"forecast",TRUE,"9.0.2","baggedModel","2026-08-23"
"forecast",TRUE,"9.0.2","bats","2026-08-23"
"forecast",TRUE,"9.0.2","bizdays","2026-08-23"
"forecast",TRUE,"9.0.2","bld.mbb.bootstrap","2026-08-23"
"forecast",TRUE,"9.0.2","BoxCox","2026-08-23"
"forecast",TRUE,"9.0.2","BoxCox.lambda","2026-08-23"
"forecast",TRUE,"9.0.2","Ccf","2026-08-23"
"forecast",TRUE,"9.0.2","checkresiduals","2026-08-23"
"forecast",TRUE,"9.0.2","croston","2026-08-23"
"forecast",TRUE,"9.0.2","croston_model","2026-08-23"
"forecast",TRUE,"9.0.2","CV","2026-08-23"
"forecast",TRUE,"9.0.2","CVar","2026-08-23"
"forecast",TRUE,"9.0.2","dm.test","2026-08-23"
"forecast",TRUE,"9.0.2","dshw","2026-08-23"
"forecast",TRUE,"9.0.2","easter","2026-08-23"
"forecast",TRUE,"9.0.2","ets","2026-08-23"
"forecast",TRUE,"9.0.2","findfrequency","2026-08-23"
"forecast",TRUE,"9.0.2","forecast","2026-08-23"
"forecast",TRUE,"9.0.2","forecast.ets","2026-08-23"
"forecast",TRUE,"9.0.2","fourier","2026-08-23"
"forecast",TRUE,"9.0.2","fourierf","2026-08-23"
"forecast",TRUE,"9.0.2","geom_forecast","2026-08-23"
"forecast",TRUE,"9.0.2","getResponse","2026-08-23"
"forecast",TRUE,"9.0.2","ggAcf","2026-08-23"
"forecast",TRUE,"9.0.2","ggCcf","2026-08-23"
"forecast",TRUE,"9.0.2","gghistogram","2026-08-23"
"forecast",TRUE,"9.0.2","gglagchull","2026-08-23"
"forecast",TRUE,"9.0.2","gglagplot","2026-08-23"
"forecast",TRUE,"9.0.2","ggmonthplot","2026-08-23"
"forecast",TRUE,"9.0.2","ggPacf","2026-08-23"
"forecast",TRUE,"9.0.2","ggseasonplot","2026-08-23"
"forecast",TRUE,"9.0.2","ggsubseriesplot","2026-08-23"
"forecast",TRUE,"9.0.2","ggtaperedacf","2026-08-23"
"forecast",TRUE,"9.0.2","ggtaperedpacf","2026-08-23"
"forecast",TRUE,"9.0.2","ggtsdisplay","2026-08-23"
"forecast",TRUE,"9.0.2","holt","2026-08-23"
"forecast",TRUE,"9.0.2","hw","2026-08-23"
"forecast",TRUE,"9.0.2","InvBoxCox","2026-08-23"
"forecast",TRUE,"9.0.2","is.acf","2026-08-23"
"forecast",TRUE,"9.0.2","is.Arima","2026-08-23"
"forecast",TRUE,"9.0.2","is.baggedModel","2026-08-23"
"forecast",TRUE,"9.0.2","is.bats","2026-08-23"
"forecast",TRUE,"9.0.2","is.constant","2026-08-23"
"forecast",TRUE,"9.0.2","is.ets","2026-08-23"
"forecast",TRUE,"9.0.2","is.forecast","2026-08-23"
"forecast",TRUE,"9.0.2","is.mforecast","2026-08-23"
"forecast",TRUE,"9.0.2","is.modelAR","2026-08-23"
"forecast",TRUE,"9.0.2","is.nnetar","2026-08-23"
"forecast",TRUE,"9.0.2","is.nnetarmodels","2026-08-23"
"forecast",TRUE,"9.0.2","is.splineforecast","2026-08-23"
"forecast",TRUE,"9.0.2","is.stlm","2026-08-23"
"forecast",TRUE,"9.0.2","ma","2026-08-23"
"forecast",TRUE,"9.0.2","mean_model","2026-08-23"
"forecast",TRUE,"9.0.2","meanf","2026-08-23"
"forecast",TRUE,"9.0.2","modelAR","2026-08-23"
"forecast",TRUE,"9.0.2","modeldf","2026-08-23"
"forecast",TRUE,"9.0.2","monthdays","2026-08-23"
"forecast",TRUE,"9.0.2","mstl","2026-08-23"
"forecast",TRUE,"9.0.2","msts","2026-08-23"
"forecast",TRUE,"9.0.2","na.interp","2026-08-23"
"forecast",TRUE,"9.0.2","naive","2026-08-23"
"forecast",TRUE,"9.0.2","ndiffs","2026-08-23"
"forecast",TRUE,"9.0.2","nnetar","2026-08-23"
"forecast",TRUE,"9.0.2","nsdiffs","2026-08-23"
"forecast",TRUE,"9.0.2","ocsb.test","2026-08-23"
"forecast",TRUE,"9.0.2","Pacf","2026-08-23"
"forecast",TRUE,"9.0.2","remainder","2026-08-23"
"forecast",TRUE,"9.0.2","rw_model","2026-08-23"
"forecast",TRUE,"9.0.2","rwf","2026-08-23"
"forecast",TRUE,"9.0.2","seasadj","2026-08-23"
"forecast",TRUE,"9.0.2","seasonal","2026-08-23"
"forecast",TRUE,"9.0.2","seasonaldummy","2026-08-23"
"forecast",TRUE,"9.0.2","seasonaldummyf","2026-08-23"
"forecast",TRUE,"9.0.2","seasonplot","2026-08-23"
"forecast",TRUE,"9.0.2","ses","2026-08-23"
"forecast",TRUE,"9.0.2","sindexf","2026-08-23"
"forecast",TRUE,"9.0.2","snaive","2026-08-23"
"forecast",TRUE,"9.0.2","spline_model","2026-08-23"
"forecast",TRUE,"9.0.2","splinef","2026-08-23"
"forecast",TRUE,"9.0.2","stlf","2026-08-23"
"forecast",TRUE,"9.0.2","stlm","2026-08-23"
"forecast",TRUE,"9.0.2","taperedacf","2026-08-23"
"forecast",TRUE,"9.0.2","taperedpacf","2026-08-23"
"forecast",TRUE,"9.0.2","tbats","2026-08-23"
"forecast",TRUE,"9.0.2","tbats.components","2026-08-23"
"forecast",TRUE,"9.0.2","theta_model","2026-08-23"
"forecast",TRUE,"9.0.2","thetaf","2026-08-23"
"forecast",TRUE,"9.0.2","trendcycle","2026-08-23"
"forecast",TRUE,"9.0.2","tsclean","2026-08-23"
"forecast",TRUE,"9.0.2","tsCV","2026-08-23"
"forecast",TRUE,"9.0.2","tsdisplay","2026-08-23"
"forecast",TRUE,"9.0.2","tslm","2026-08-23"
"forecast",TRUE,"9.0.2","tsoutliers","2026-08-23"
"MCS",TRUE,"0.2.0","LossLevel","2026-08-23"
"MCS",TRUE,"0.2.0","LossVaR","2026-08-23"
"MCS",TRUE,"0.2.0","LossVol","2026-08-23"
"MCS",TRUE,"0.2.0","MCSprocedure","2026-08-23"
"MCS",TRUE,"0.2.0","show","2026-08-23"
"esback",TRUE,"0.3.1","cc_backtest","2026-08-23"
"esback",TRUE,"0.3.1","er_backtest","2026-08-23"
"esback",TRUE,"0.3.1","esr_backtest","2026-08-23"
"scoringRules",TRUE,"1.1.3","ar_ms","2026-08-23"
"scoringRules",TRUE,"1.1.3","clogs_sample","2026-08-23"
"scoringRules",TRUE,"1.1.3","crps","2026-08-23"
"scoringRules",TRUE,"1.1.3","crps_2pexp","2026-08-23"
"scoringRules",TRUE,"1.1.3","crps_2pnorm","2026-08-23"
"scoringRules",TRUE,"1.1.3","crps_beta","2026-08-23"
"scoringRules",TRUE,"1.1.3","crps_binom","2026-08-23"
"scoringRules",TRUE,"1.1.3","crps_clogis","2026-08-23"
"scoringRules",TRUE,"1.1.3","crps_cnorm","2026-08-23"
"scoringRules",TRUE,"1.1.3","crps_ct","2026-08-23"
"scoringRules",TRUE,"1.1.3","crps_exp","2026-08-23"
"scoringRules",TRUE,"1.1.3","crps_expM","2026-08-23"
"scoringRules",TRUE,"1.1.3","crps_gamma","2026-08-23"
"scoringRules",TRUE,"1.1.3","crps_gev","2026-08-23"
"scoringRules",TRUE,"1.1.3","crps_gpd","2026-08-23"
"scoringRules",TRUE,"1.1.3","crps_gtclogis","2026-08-23"
"scoringRules",TRUE,"1.1.3","crps_gtcnorm","2026-08-23"
"scoringRules",TRUE,"1.1.3","crps_gtct","2026-08-23"
"scoringRules",TRUE,"1.1.3","crps_hyper","2026-08-23"
"scoringRules",TRUE,"1.1.3","crps_lapl","2026-08-23"
"scoringRules",TRUE,"1.1.3","crps_llapl","2026-08-23"
"scoringRules",TRUE,"1.1.3","crps_llogis","2026-08-23"
"scoringRules",TRUE,"1.1.3","crps_lnorm","2026-08-23"
"scoringRules",TRUE,"1.1.3","crps_logis","2026-08-23"
"scoringRules",TRUE,"1.1.3","crps_mixnorm","2026-08-23"
"scoringRules",TRUE,"1.1.3","crps_mixnorm_int","2026-08-23"
"scoringRules",TRUE,"1.1.3","crps_nbinom","2026-08-23"
"scoringRules",TRUE,"1.1.3","crps_norm","2026-08-23"
"scoringRules",TRUE,"1.1.3","crps_pois","2026-08-23"
"scoringRules",TRUE,"1.1.3","crps_sample","2026-08-23"
"scoringRules",TRUE,"1.1.3","crps_t","2026-08-23"
"scoringRules",TRUE,"1.1.3","crps_tlogis","2026-08-23"
"scoringRules",TRUE,"1.1.3","crps_tnorm","2026-08-23"
"scoringRules",TRUE,"1.1.3","crps_tt","2026-08-23"
"scoringRules",TRUE,"1.1.3","crps_unif","2026-08-23"
"scoringRules",TRUE,"1.1.3","crps.numeric","2026-08-23"
"scoringRules",TRUE,"1.1.3","dss_beta","2026-08-23"
"scoringRules",TRUE,"1.1.3","dss_exp","2026-08-23"
"scoringRules",TRUE,"1.1.3","dss_gamma","2026-08-23"
"scoringRules",TRUE,"1.1.3","dss_gev","2026-08-23"
"scoringRules",TRUE,"1.1.3","dss_gpd","2026-08-23"
"scoringRules",TRUE,"1.1.3","dss_lapl","2026-08-23"
"scoringRules",TRUE,"1.1.3","dss_llapl","2026-08-23"
"scoringRules",TRUE,"1.1.3","dss_llogis","2026-08-23"
"scoringRules",TRUE,"1.1.3","dss_lnorm","2026-08-23"
"scoringRules",TRUE,"1.1.3","dss_logis","2026-08-23"
"scoringRules",TRUE,"1.1.3","dss_mixnorm","2026-08-23"
"scoringRules",TRUE,"1.1.3","dss_moments","2026-08-23"
"scoringRules",TRUE,"1.1.3","dss_nbinom","2026-08-23"
"scoringRules",TRUE,"1.1.3","dss_norm","2026-08-23"
"scoringRules",TRUE,"1.1.3","dss_pois","2026-08-23"
"scoringRules",TRUE,"1.1.3","dss_sample","2026-08-23"
"scoringRules",TRUE,"1.1.3","dss_t","2026-08-23"
"scoringRules",TRUE,"1.1.3","dss_unif","2026-08-23"
"scoringRules",TRUE,"1.1.3","es_sample","2026-08-23"
"scoringRules",TRUE,"1.1.3","ess_moments","2026-08-23"
"scoringRules",TRUE,"1.1.3","f2pexp","2026-08-23"
"scoringRules",TRUE,"1.1.3","f2pnorm","2026-08-23"
"scoringRules",TRUE,"1.1.3","fexp","2026-08-23"
"scoringRules",TRUE,"1.1.3","fgev","2026-08-23"
"scoringRules",TRUE,"1.1.3","fgpd","2026-08-23"
"scoringRules",TRUE,"1.1.3","flapl","2026-08-23"
"scoringRules",TRUE,"1.1.3","fllapl","2026-08-23"
"scoringRules",TRUE,"1.1.3","fllogis","2026-08-23"
"scoringRules",TRUE,"1.1.3","flogis","2026-08-23"
"scoringRules",TRUE,"1.1.3","fmixnorm","2026-08-23"
"scoringRules",TRUE,"1.1.3","fnorm","2026-08-23"
"scoringRules",TRUE,"1.1.3","ft","2026-08-23"
"scoringRules",TRUE,"1.1.3","get_weight_func","2026-08-23"
"scoringRules",TRUE,"1.1.3","gradcrps_clogis","2026-08-23"
"scoringRules",TRUE,"1.1.3","gradcrps_cnorm","2026-08-23"
"scoringRules",TRUE,"1.1.3","gradcrps_ct","2026-08-23"
"scoringRules",TRUE,"1.1.3","gradcrps_logis","2026-08-23"
"scoringRules",TRUE,"1.1.3","gradcrps_norm","2026-08-23"
"scoringRules",TRUE,"1.1.3","gradcrps_t","2026-08-23"
"scoringRules",TRUE,"1.1.3","gradcrps_tlogis","2026-08-23"
"scoringRules",TRUE,"1.1.3","gradcrps_tnorm","2026-08-23"
"scoringRules",TRUE,"1.1.3","gradcrps_tt","2026-08-23"
"scoringRules",TRUE,"1.1.3","hesscrps_clogis","2026-08-23"
"scoringRules",TRUE,"1.1.3","hesscrps_cnorm","2026-08-23"
"scoringRules",TRUE,"1.1.3","hesscrps_ct","2026-08-23"
"scoringRules",TRUE,"1.1.3","hesscrps_logis","2026-08-23"
"scoringRules",TRUE,"1.1.3","hesscrps_norm","2026-08-23"
"scoringRules",TRUE,"1.1.3","hesscrps_t","2026-08-23"
"scoringRules",TRUE,"1.1.3","hesscrps_tlogis","2026-08-23"
"scoringRules",TRUE,"1.1.3","hesscrps_tnorm","2026-08-23"
"scoringRules",TRUE,"1.1.3","hesscrps_tt","2026-08-23"
"scoringRules",TRUE,"1.1.3","ints_quantiles","2026-08-23"
"scoringRules",TRUE,"1.1.3","ints_sample","2026-08-23"
"scoringRules",TRUE,"1.1.3","logs","2026-08-23"
"scoringRules",TRUE,"1.1.3","logs_2pexp","2026-08-23"
"scoringRules",TRUE,"1.1.3","logs_2pnorm","2026-08-23"
"scoringRules",TRUE,"1.1.3","logs_beta","2026-08-23"
"scoringRules",TRUE,"1.1.3","logs_binom","2026-08-23"
"scoringRules",TRUE,"1.1.3","logs_exp","2026-08-23"
"scoringRules",TRUE,"1.1.3","logs_exp2","2026-08-23"
"scoringRules",TRUE,"1.1.3","logs_gamma","2026-08-23"
"scoringRules",TRUE,"1.1.3","logs_gev","2026-08-23"
"scoringRules",TRUE,"1.1.3","logs_gpd","2026-08-23"
"scoringRules",TRUE,"1.1.3","logs_hyper","2026-08-23"
"scoringRules",TRUE,"1.1.3","logs_lapl","2026-08-23"
"scoringRules",TRUE,"1.1.3","logs_llapl","2026-08-23"
"scoringRules",TRUE,"1.1.3","logs_llogis","2026-08-23"
"scoringRules",TRUE,"1.1.3","logs_lnorm","2026-08-23"
"scoringRules",TRUE,"1.1.3","logs_logis","2026-08-23"
"scoringRules",TRUE,"1.1.3","logs_mixnorm","2026-08-23"
"scoringRules",TRUE,"1.1.3","logs_nbinom","2026-08-23"
"scoringRules",TRUE,"1.1.3","logs_norm","2026-08-23"
"scoringRules",TRUE,"1.1.3","logs_pois","2026-08-23"
"scoringRules",TRUE,"1.1.3","logs_sample","2026-08-23"
"scoringRules",TRUE,"1.1.3","logs_t","2026-08-23"
"scoringRules",TRUE,"1.1.3","logs_tlogis","2026-08-23"
"scoringRules",TRUE,"1.1.3","logs_tnorm","2026-08-23"
"scoringRules",TRUE,"1.1.3","logs_tt","2026-08-23"
"scoringRules",TRUE,"1.1.3","logs_unif","2026-08-23"
"scoringRules",TRUE,"1.1.3","logs.numeric","2026-08-23"
"scoringRules",TRUE,"1.1.3","mmds_sample","2026-08-23"
"scoringRules",TRUE,"1.1.3","owcrps_sample","2026-08-23"
"scoringRules",TRUE,"1.1.3","owes_sample","2026-08-23"
"scoringRules",TRUE,"1.1.3","owmmds_sample","2026-08-23"
"scoringRules",TRUE,"1.1.3","owvs_sample","2026-08-23"
"scoringRules",TRUE,"1.1.3","qs_quantiles","2026-08-23"
"scoringRules",TRUE,"1.1.3","qs_sample","2026-08-23"
"scoringRules",TRUE,"1.1.3","rps_probs","2026-08-23"
"scoringRules",TRUE,"1.1.3","run_casestudy","2026-08-23"
"scoringRules",TRUE,"1.1.3","run_mcstudy","2026-08-23"
"scoringRules",TRUE,"1.1.3","twcrps_sample","2026-08-23"
"scoringRules",TRUE,"1.1.3","twes_sample","2026-08-23"
"scoringRules",TRUE,"1.1.3","twmmds_sample","2026-08-23"
"scoringRules",TRUE,"1.1.3","twvs_sample","2026-08-23"
"scoringRules",TRUE,"1.1.3","vs_sample","2026-08-23"
"ForeComp",TRUE,"1.0.0","dm.test.bt","2026-08-23"
"ForeComp",TRUE,"1.0.0","dm.test.bt.fb","2026-08-23"
"ForeComp",TRUE,"1.0.0","dm.test.cnr.t","2026-08-23"
"ForeComp",TRUE,"1.0.0","dm.test.cnr.w","2026-08-23"
"ForeComp",TRUE,"1.0.0","dm.test.ewc.fb","2026-08-23"
"ForeComp",TRUE,"1.0.0","dm.test.im","2026-08-23"
"ForeComp",TRUE,"1.0.0","dm.test.r","2026-08-23"
"ForeComp",TRUE,"1.0.0","dm.test.r.m","2026-08-23"
"ForeComp",TRUE,"1.0.0","dm.test.wpe.fb","2026-08-23"
"ForeComp",TRUE,"1.0.0","loss.diff.p","2026-08-23"
"ForeComp",TRUE,"1.0.0","Plot_Tradeoff","2026-08-23"
"GAS",TRUE,"0.3.4.1","BacktestDensity","2026-08-23"
"GAS",TRUE,"0.3.4.1","BacktestVaR","2026-08-23"
"GAS",TRUE,"0.3.4.1","build_vR","2026-08-23"
"GAS",TRUE,"0.3.4.1","coef","2026-08-23"
"GAS",TRUE,"0.3.4.1","ConfidenceBands","2026-08-23"
"GAS",TRUE,"0.3.4.1","convergence","2026-08-23"
"GAS",TRUE,"0.3.4.1","ddist_Multi","2026-08-23"
"GAS",TRUE,"0.3.4.1","ddist_Uni","2026-08-23"
"GAS",TRUE,"0.3.4.1","DistInfo","2026-08-23"
"GAS",TRUE,"0.3.4.1","DistLabels","2026-08-23"
"GAS",TRUE,"0.3.4.1","DistName","2026-08-23"
"GAS",TRUE,"0.3.4.1","DistParameters","2026-08-23"
"GAS",TRUE,"0.3.4.1","DistScalingType","2026-08-23"
"GAS",TRUE,"0.3.4.1","DistType","2026-08-23"
"GAS",TRUE,"0.3.4.1","ES","2026-08-23"
"GAS",TRUE,"0.3.4.1","fn.optim","2026-08-23"
"GAS",TRUE,"0.3.4.1","fn.solnp","2026-08-23"
"GAS",TRUE,"0.3.4.1","FZLoss","2026-08-23"
"GAS",TRUE,"0.3.4.1","getFilteredParameters","2026-08-23"
"GAS",TRUE,"0.3.4.1","getForecast","2026-08-23"
"GAS",TRUE,"0.3.4.1","getMoments","2026-08-23"
"GAS",TRUE,"0.3.4.1","getObs","2026-08-23"
"GAS",TRUE,"0.3.4.1","IM_Uni","2026-08-23"
"GAS",TRUE,"0.3.4.1","LogScore","2026-08-23"
"GAS",TRUE,"0.3.4.1","LowerA","2026-08-23"
"GAS",TRUE,"0.3.4.1","LowerB","2026-08-23"
"GAS",TRUE,"0.3.4.1","LowerNu","2026-08-23"
"GAS",TRUE,"0.3.4.1","MapR_C","2026-08-23"
"GAS",TRUE,"0.3.4.1","mdist_Uni","2026-08-23"
"GAS",TRUE,"0.3.4.1","mGASMultiForcast","2026-08-23"
"GAS",TRUE,"0.3.4.1","MultiGASFit","2026-08-23"
"GAS",TRUE,"0.3.4.1","MultiGASFor","2026-08-23"
"GAS",TRUE,"0.3.4.1","MultiGASRoll","2026-08-23"
"GAS",TRUE,"0.3.4.1","MultiGASSim","2026-08-23"
"GAS",TRUE,"0.3.4.1","MultiGASSpec","2026-08-23"
"GAS",TRUE,"0.3.4.1","MultiMapParameters","2026-08-23"
"GAS",TRUE,"0.3.4.1","MultiUnmapParameters","2026-08-23"
"GAS",TRUE,"0.3.4.1","NumberParameters","2026-08-23"
"GAS",TRUE,"0.3.4.1","pdist_Uni","2026-08-23"
"GAS",TRUE,"0.3.4.1","pit","2026-08-23"
"GAS",TRUE,"0.3.4.1","PIT_test","2026-08-23"
"GAS",TRUE,"0.3.4.1","plot","2026-08-23"
"GAS",TRUE,"0.3.4.1","qdist_Uni","2026-08-23"
"GAS",TRUE,"0.3.4.1","quantile","2026-08-23"
"GAS",TRUE,"0.3.4.1","Quantiles","2026-08-23"
"GAS",TRUE,"0.3.4.1","rdist_Multi","2026-08-23"
"GAS",TRUE,"0.3.4.1","rdist_Uni","2026-08-23"
"GAS",TRUE,"0.3.4.1","residuals","2026-08-23"
"GAS",TRUE,"0.3.4.1","Score_Multi","2026-08-23"
"GAS",TRUE,"0.3.4.1","Score_Uni","2026-08-23"
"GAS",TRUE,"0.3.4.1","show","2026-08-23"
"GAS",TRUE,"0.3.4.1","uGASMultiForcast","2026-08-23"
"GAS",TRUE,"0.3.4.1","UniGASFit","2026-08-23"
"GAS",TRUE,"0.3.4.1","UniGASFor","2026-08-23"
"GAS",TRUE,"0.3.4.1","UniGASRoll","2026-08-23"
"GAS",TRUE,"0.3.4.1","UniGASSim","2026-08-23"
"GAS",TRUE,"0.3.4.1","UniGASSpec","2026-08-23"
"GAS",TRUE,"0.3.4.1","UniMapParameters","2026-08-23"
"GAS",TRUE,"0.3.4.1","UniUnmapParameters","2026-08-23"
"GAS",TRUE,"0.3.4.1","UnMapR_C","2026-08-23"
"GAS",TRUE,"0.3.4.1","UpperA","2026-08-23"
"GAS",TRUE,"0.3.4.1","UpperB","2026-08-23"
"GAS",TRUE,"0.3.4.1","UpperNu","2026-08-23"
"ExactVaRTest",TRUE,"0.1.3","backtest_all","2026-08-23"
"ExactVaRTest",TRUE,"0.1.3","backtest_lr","2026-08-23"
"ExactVaRTest",TRUE,"0.1.3","lr_cc_dist","2026-08-23"
"ExactVaRTest",TRUE,"0.1.3","lr_cc_stat","2026-08-23"
"ExactVaRTest",TRUE,"0.1.3","lr_ind_dist","2026-08-23"
"ExactVaRTest",TRUE,"0.1.3","lr_ind_stat","2026-08-23"
"ExactVaRTest",TRUE,"0.1.3","lr_uc_dist","2026-08-23"
"ExactVaRTest",TRUE,"0.1.3","lr_uc_stat","2026-08-23"
"ExactVaRTest",TRUE,"0.1.3","pval_lr_cc","2026-08-23"
"ExactVaRTest",TRUE,"0.1.3","pval_lr_ind","2026-08-23"
"ExactVaRTest",TRUE,"0.1.3","pval_lr_uc","2026-08-23"
